image_number,new_filename,disease_label,original_filename,original_folder
1,1.jpg,Cataract,1.jpg,Cataract
2,2.jpg,Cataract,10.jpg,Cataract
3,3.jpg,Cataract,100.jpg,Cataract
4,4.jpg,Cataract,101.jpg,Cataract
5,5.jpg,Cataract,102.jpg,Cataract
6,6.jpg,Cataract,103.jpg,Cataract
7,7.jpg,Cataract,104.jpg,Cataract
8,8.jpg,Cataract,106(1).jpg,Cataract
9,9.jpg,Cataract,107(1).jpg,Cataract
10,10.jpg,Cataract,108.jpg,Cataract
11,11.jpg,Cataract,109.jpg,Cataract
12,12.jpg,Cataract,11.jpg,Cataract
13,13.jpg,Cataract,110.jpg,Cataract
14,14.jpg,Cataract,112.jpg,Cataract
15,15.jpg,Cataract,113.jpg,Cataract
16,16.jpg,Cataract,114.jpg,Cataract
17,17.jpg,Cataract,115.jpg,Cataract
18,18.jpg,Cataract,116.jpg,Cataract
19,19.jpg,Cataract,117.jpg,Cataract
20,20.jpg,Cataract,118.jpg,Cataract
21,21.jpg,Cataract,119.jpg,Cataract
22,22.jpg,Cataract,12.jpg,Cataract
23,23.jpg,Cataract,120.jpg,Cataract
24,24.jpg,Cataract,121.jpg,Cataract
25,25.jpg,Cataract,122.jpg,Cataract
26,26.jpg,Cataract,123.jpg,Cataract
27,27.jpg,Cataract,125.jpg,Cataract
28,28.jpeg,Cataract,126.jpeg,Cataract
29,29.jpg,Cataract,127.jpg,Cataract
30,30.png,Cataract,128.png,Cataract
31,31.jpg,Cataract,129.jpg,Cataract
32,32.jpg,Cataract,13.jpg,Cataract
33,33.png,Cataract,130.png,Cataract
34,34.jpg,Cataract,131.jpg,Cataract
35,35.png,Cataract,132.png,Cataract
36,36.jpg,Cataract,133.jpg,Cataract
37,37.png,Cataract,134.png,Cataract
38,38.jpg,Cataract,135.jpg,Cataract
39,39.jpg,Cataract,136.jpg,Cataract
40,40.jpg,Cataract,137.jpg,Cataract
41,41.jpg,Cataract,139.jpg,Cataract
42,42.jpg,Cataract,14.jpg,Cataract
43,43.jpg,Cataract,140.jpg,Cataract
44,44.jpg,Cataract,141.jpg,Cataract
45,45.jpg,Cataract,142.jpg,Cataract
46,46.jpg,Cataract,143.jpg,Cataract
47,47.jpg,Cataract,144.jpg,Cataract
48,48.jpg,Cataract,145.jpg,Cataract
49,49.jpg,Cataract,146.jpg,Cataract
50,50.jpg,Cataract,147.jpg,Cataract
51,51.jpg,Cataract,148.jpg,Cataract
52,52.jpg,Cataract,149.jpg,Cataract
53,53.jpg,Cataract,15.jpg,Cataract
54,54.jpg,Cataract,150.jpg,Cataract
55,55.jpg,Cataract,153.jpg,Cataract
56,56.jpg,Cataract,154.jpg,Cataract
57,57.jpg,Cataract,155.jpg,Cataract
58,58.jpg,Cataract,156.jpg,Cataract
59,59.jpg,Cataract,157.jpg,Cataract
60,60.jpg,Cataract,158.jpg,Cataract
61,61.jpg,Cataract,159.jpg,Cataract
62,62.jpg,Cataract,16.jpg,Cataract
63,63.jpg,Cataract,160.jpg,Cataract
64,64.jpg,Cataract,161.jpg,Cataract
65,65.jpg,Cataract,162.jpg,Cataract
66,66.jpg,Cataract,163.jpg,Cataract
67,67.jpg,Cataract,164.jpg,Cataract
68,68.jpg,Cataract,165.jpg,Cataract
69,69.jpg,Cataract,166.jpg,Cataract
70,70.jpg,Cataract,167.jpg,Cataract
71,71.jpg,Cataract,168.jpg,Cataract
72,72.jpg,Cataract,169.jpg,Cataract
73,73.jpg,Cataract,17.jpg,Cataract
74,74.jpg,Cataract,170.jpg,Cataract
75,75.jpg,Cataract,171.jpg,Cataract
76,76.jpg,Cataract,172.jpg,Cataract
77,77.jpg,Cataract,173.jpg,Cataract
78,78.jpg,Cataract,174.jpg,Cataract
79,79.jpg,Cataract,175.jpg,Cataract
80,80.jpg,Cataract,176.jpg,Cataract
81,81.jpg,Cataract,177.jpg,Cataract
82,82.jpg,Cataract,178.jpg,Cataract
83,83.jpg,Cataract,179.jpg,Cataract
84,84.jpg,Cataract,18.jpg,Cataract
85,85.jpg,Cataract,180.jpg,Cataract
86,86.jpg,Cataract,181.jpg,Cataract
87,87.jpg,Cataract,182.jpg,Cataract
88,88.jpg,Cataract,183.jpg,Cataract
89,89.jpg,Cataract,184.JPG,Cataract
90,90.jpg,Cataract,185.jpg,Cataract
91,91.jpg,Cataract,186.jpg,Cataract
92,92.jpg,Cataract,187.jpg,Cataract
93,93.jpg,Cataract,188.jpg,Cataract
94,94.jpg,Cataract,189.jpg,Cataract
95,95.jpg,Cataract,19.jpg,Cataract
96,96.jpg,Cataract,190.jpg,Cataract
97,97.jpg,Cataract,191.jpg,Cataract
98,98.jpg,Cataract,192.jpg,Cataract
99,99.jpg,Cataract,193.jpg,Cataract
100,100.jpg,Cataract,194.jpg,Cataract
101,101.jpg,Cataract,195.jpg,Cataract
102,102.jpg,Cataract,196.jpg,Cataract
103,103.jpg,Cataract,197.jpg,Cataract
104,104.jpg,Cataract,198.jpg,Cataract
105,105.jpg,Cataract,199.jpg,Cataract
106,106.jpg,Cataract,2.jpg,Cataract
107,107.jpg,Cataract,20.jpg,Cataract
108,108.jpg,Cataract,200.jpg,Cataract
109,109.jpg,Cataract,201.jpg,Cataract
110,110.jpg,Cataract,202.jpg,Cataract
111,111.jpg,Cataract,203.jpg,Cataract
112,112.jpg,Cataract,204.jpg,Cataract
113,113.jpg,Cataract,205.jpg,Cataract
114,114.jpg,Cataract,206.jpg,Cataract
115,115.jpg,Cataract,207.jpg,Cataract
116,116.jpg,Cataract,208.jpg,Cataract
117,117.jpg,Cataract,209.jpg,Cataract
118,118.jpg,Cataract,21.jpg,Cataract
119,119.jpg,Cataract,210.jpg,Cataract
120,120.jpg,Cataract,211.jpg,Cataract
121,121.jpg,Cataract,212.jpg,Cataract
122,122.jpg,Cataract,213.jpg,Cataract
123,123.jpg,Cataract,214.jpg,Cataract
124,124.jpg,Cataract,215.jpg,Cataract
125,125.jpg,Cataract,216.jpg,Cataract
126,126.jpg,Cataract,217.jpg,Cataract
127,127.jpg,Cataract,218.jpg,Cataract
128,128.jpg,Cataract,219.jpg,Cataract
129,129.jpg,Cataract,22.jpg,Cataract
130,130.jpg,Cataract,220.jpg,Cataract
131,131.jpg,Cataract,221.jpg,Cataract
132,132.jpg,Cataract,222.jpg,Cataract
133,133.jpg,Cataract,223.jpg,Cataract
134,134.jpg,Cataract,224.jpg,Cataract
135,135.jpg,Cataract,225.jpg,Cataract
136,136.jpg,Cataract,226.jpg,Cataract
137,137.jpg,Cataract,227.jpg,Cataract
138,138.jpg,Cataract,229.jpg,Cataract
139,139.jpg,Cataract,23.jpg,Cataract
140,140.jpg,Cataract,230.jpg,Cataract
141,141.jpg,Cataract,24.jpg,Cataract
142,142.jpg,Cataract,246.jpg,Cataract
143,143.jpg,Cataract,247.jpg,Cataract
144,144.jpg,Cataract,248.jpg,Cataract
145,145.jpg,Cataract,251.jpg,Cataract
146,146.jpg,Cataract,252.jpg,Cataract
147,147.jpg,Cataract,253.jpg,Cataract
148,148.jpg,Cataract,254.jpg,Cataract
149,149.jpg,Cataract,255.jpg,Cataract
150,150.jpg,Cataract,256.jpg,Cataract
151,151.jpg,Cataract,257.jpg,Cataract
152,152.jpg,Cataract,258.jpg,Cataract
153,153.jpg,Cataract,259.jpg,Cataract
154,154.jpg,Cataract,260.jpg,Cataract
155,155.jpg,Cataract,261.jpg,Cataract
156,156.jpg,Cataract,262.jpg,Cataract
157,157.jpg,Cataract,263.jpg,Cataract
158,158.jpg,Cataract,264.jpg,Cataract
159,159.jpg,Cataract,265.jpg,Cataract
160,160.jpg,Cataract,266.jpg,Cataract
161,161.jpg,Cataract,267.jpg,Cataract
162,162.jpg,Cataract,268.jpg,Cataract
163,163.jpg,Cataract,269.jpg,Cataract
164,164.jpg,Cataract,270.jpg,Cataract
165,165.jpg,Cataract,271.jpg,Cataract
166,166.jpg,Cataract,272.jpg,Cataract
167,167.jpg,Cataract,273.jpg,Cataract
168,168.jpg,Cataract,274.jpg,Cataract
169,169.jpg,Cataract,275.jpg,Cataract
170,170.jpg,Cataract,276.jpg,Cataract
171,171.jpg,Cataract,277.jpg,Cataract
172,172.jpg,Cataract,278.jpg,Cataract
173,173.jpg,Cataract,279.jpg,Cataract
174,174.jpg,Cataract,28.jpg,Cataract
175,175.jpg,Cataract,280.jpg,Cataract
176,176.jpg,Cataract,281.jpg,Cataract
177,177.jpg,Cataract,282.jpg,Cataract
178,178.jpg,Cataract,283.jpg,Cataract
179,179.jpg,Cataract,284.jpg,Cataract
180,180.jpg,Cataract,285.jpg,Cataract
181,181.jpg,Cataract,286.jpg,Cataract
182,182.jpg,Cataract,287.jpg,Cataract
183,183.jpg,Cataract,288.jpg,Cataract
184,184.jpg,Cataract,289.jpg,Cataract
185,185.jpg,Cataract,29.jpg,Cataract
186,186.jpg,Cataract,290.jpg,Cataract
187,187.jpg,Cataract,291.jpg,Cataract
188,188.jpg,Cataract,293.jpg,Cataract
189,189.jpg,Cataract,294.jpg,Cataract
190,190.jpg,Cataract,295.jpg,Cataract
191,191.jpg,Cataract,296.jpg,Cataract
192,192.jpg,Cataract,297.jpg,Cataract
193,193.jpg,Cataract,298.jpg,Cataract
194,194.jpg,Cataract,299.jpg,Cataract
195,195.jpg,Cataract,30.jpg,Cataract
196,196.jpg,Cataract,300.jpg,Cataract
197,197.jpg,Cataract,301.jpg,Cataract
198,198.jpg,Cataract,302.jpg,Cataract
199,199.jpg,Cataract,303.jpg,Cataract
200,200.jpg,Cataract,304.jpg,Cataract
201,201.jpg,Cataract,305.jpg,Cataract
202,202.jpg,Cataract,306.jpg,Cataract
203,203.jpg,Cataract,307.jpg,Cataract
204,204.jpg,Cataract,308.jpg,Cataract
205,205.jpg,Cataract,309.jpg,Cataract
206,206.jpg,Cataract,31.jpg,Cataract
207,207.jpg,Cataract,310.jpg,Cataract
208,208.jpg,Cataract,311.jpg,Cataract
209,209.jpg,Cataract,312.jpg,Cataract
210,210.jpg,Cataract,313.jpg,Cataract
211,211.jpg,Cataract,314.jpg,Cataract
212,212.jpg,Cataract,315.jpg,Cataract
213,213.jpg,Cataract,316.jpg,Cataract
214,214.jpg,Cataract,317.jpg,Cataract
215,215.jpg,Cataract,318.jpg,Cataract
216,216.jpg,Cataract,319.jpg,Cataract
217,217.jpg,Cataract,32.jpg,Cataract
218,218.jpg,Cataract,320.jpg,Cataract
219,219.jpg,Cataract,321.jpg,Cataract
220,220.jpg,Cataract,322.jpg,Cataract
221,221.jpg,Cataract,323.jpg,Cataract
222,222.jpg,Cataract,324.jpg,Cataract
223,223.jpg,Cataract,325.jpg,Cataract
224,224.jpg,Cataract,326.jpg,Cataract
225,225.jpg,Cataract,327.jpg,Cataract
226,226.jpg,Cataract,328.jpg,Cataract
227,227.jpg,Cataract,329.jpg,Cataract
228,228.jpg,Cataract,33.jpg,Cataract
229,229.jpg,Cataract,330.jpg,Cataract
230,230.jpg,Cataract,331.jpg,Cataract
231,231.jpg,Cataract,332.jpg,Cataract
232,232.jpg,Cataract,333.jpg,Cataract
233,233.jpg,Cataract,334.jpg,Cataract
234,234.jpg,Cataract,335.jpg,Cataract
235,235.jpg,Cataract,336.jpg,Cataract
236,236.jpg,Cataract,337.jpg,Cataract
237,237.jpg,Cataract,338.jpg,Cataract
238,238.jpg,Cataract,339.jpg,Cataract
239,239.jpg,Cataract,34.jpg,Cataract
240,240.jpg,Cataract,340.jpg,Cataract
241,241.jpg,Cataract,341.jpg,Cataract
242,242.jpg,Cataract,342.jpg,Cataract
243,243.jpg,Cataract,343.jpg,Cataract
244,244.jpg,Cataract,344.jpg,Cataract
245,245.jpg,Cataract,346.jpg,Cataract
246,246.jpg,Cataract,35.jpg,Cataract
247,247.jpg,Cataract,36.jpg,Cataract
248,248.jpg,Cataract,37.jpg,Cataract
249,249.jpg,Cataract,38.jpg,Cataract
250,250.jpg,Cataract,390.jpg,Cataract
251,251.jpg,Cataract,391.jpg,Cataract
252,252.jpg,Cataract,392.jpg,Cataract
253,253.jpg,Cataract,393.jpg,Cataract
254,254.jpg,Cataract,394.jpg,Cataract
255,255.jpg,Cataract,395.jpg,Cataract
256,256.jpg,Cataract,396.jpg,Cataract
257,257.jpg,Cataract,398.jpg,Cataract
258,258.jpg,Cataract,399.jpg,Cataract
259,259.jpg,Cataract,400.jpg,Cataract
260,260.jpg,Cataract,401.jpg,Cataract
261,261.jpg,Cataract,402.jpg,Cataract
262,262.jpg,Cataract,403.jpg,Cataract
263,263.jpg,Cataract,405.jpg,Cataract
264,264.jpg,Cataract,406.jpg,Cataract
265,265.jpg,Cataract,407.jpg,Cataract
266,266.jpg,Cataract,408.jpg,Cataract
267,267.jpg,Cataract,409.jpg,Cataract
268,268.jpg,Cataract,410.jpg,Cataract
269,269.jpg,Cataract,411.jpg,Cataract
270,270.jpg,Cataract,412.jpg,Cataract
271,271.jpg,Cataract,413.jpg,Cataract
272,272.jpg,Cataract,414.jpg,Cataract
273,273.jpg,Cataract,415.jpg,Cataract
274,274.jpg,Cataract,416.jpg,Cataract
275,275.jpg,Cataract,417.jpg,Cataract
276,276.jpg,Cataract,418.jpg,Cataract
277,277.jpg,Cataract,419.jpg,Cataract
278,278.jpg,Cataract,420.jpg,Cataract
279,279.jpg,Cataract,421.jpg,Cataract
280,280.jpg,Cataract,422.jpg,Cataract
281,281.jpg,Cataract,423.jpg,Cataract
282,282.jpg,Cataract,424.jpg,Cataract
283,283.jpg,Cataract,425.jpg,Cataract
284,284.jpg,Cataract,426.jpg,Cataract
285,285.jpg,Cataract,427.jpg,Cataract
286,286.jpg,Cataract,428.jpg,Cataract
287,287.jpg,Cataract,429.jpg,Cataract
288,288.jpg,Cataract,430.jpg,Cataract
289,289.jpg,Cataract,432.jpg,Cataract
290,290.jpg,Cataract,433.jpg,Cataract
291,291.jpg,Cataract,434.jpg,Cataract
292,292.jpg,Cataract,435.jpg,Cataract
293,293.jpg,Cataract,436.jpg,Cataract
294,294.jpg,Cataract,437.jpg,Cataract
295,295.jpg,Cataract,438.jpg,Cataract
296,296.jpg,Cataract,439.jpg,Cataract
297,297.jpg,Cataract,440.jpg,Cataract
298,298.jpg,Cataract,441.jpg,Cataract
299,299.jpg,Cataract,442.jpg,Cataract
300,300.jpg,Cataract,443.jpg,Cataract
301,301.jpg,Cataract,444.jpg,Cataract
302,302.jpg,Cataract,446.jpg,Cataract
303,303.jpg,Cataract,447.jpg,Cataract
304,304.jpg,Cataract,449.jpg,Cataract
305,305.jpg,Cataract,524.jpg,Cataract
306,306.jpg,Cataract,534.JPG,Cataract
307,307.jpg,Cataract,699.jpg,Cataract
308,308.jpg,Cataract,700.jpg,Cataract
309,309.jpg,Cataract,701.jpg,Cataract
310,310.jpg,Cataract,702.jpg,Cataract
311,311.jpg,Cataract,703.jpg,Cataract
312,312.jpg,Cataract,704.jpg,Cataract
313,313.jpg,Cataract,705.jpg,Cataract
314,314.jpg,Cataract,706.jpg,Cataract
315,315.jpg,Cataract,707.jpg,Cataract
316,316.jpg,Cataract,708.jpg,Cataract
317,317.jpg,Cataract,709.jpg,Cataract
318,318.jpg,Cataract,710.jpg,Cataract
319,319.jpg,Cataract,712.jpg,Cataract
320,320.jpg,Cataract,713.jpg,Cataract
321,321.jpg,Cataract,714.jpg,Cataract
322,322.jpg,Cataract,715.jpg,Cataract
323,323.jpg,Cataract,716.jpg,Cataract
324,324.jpg,Cataract,717.jpg,Cataract
325,325.jpg,Cataract,718.jpg,Cataract
326,326.jpg,Cataract,719.jpg,Cataract
327,327.jpg,Cataract,720.jpg,Cataract
328,328.jpg,Cataract,721.jpg,Cataract
329,329.jpg,Cataract,722.jpg,Cataract
330,330.jpg,Cataract,723.jpg,Cataract
331,331.jpg,Cataract,724.jpg,Cataract
332,332.jpg,Cataract,725.jpg,Cataract
333,333.jpg,Cataract,726.jpg,Cataract
334,334.jpg,Cataract,727.jpg,Cataract
335,335.jpg,Cataract,728.jpg,Cataract
336,336.jpg,Cataract,729.jpg,Cataract
337,337.jpg,Cataract,730.jpg,Cataract
338,338.jpg,Cataract,731.jpg,Cataract
339,339.jpg,Cataract,732.jpg,Cataract
340,340.jpg,Cataract,733.jpg,Cataract
341,341.jpg,Cataract,734.jpg,Cataract
342,342.jpg,Cataract,735.jpg,Cataract
343,343.jpg,Cataract,736.jpg,Cataract
344,344.jpg,Cataract,737.jpg,Cataract
345,345.jpg,Cataract,738.jpg,Cataract
346,346.jpg,Cataract,739.jpg,Cataract
347,347.jpg,Cataract,740.jpg,Cataract
348,348.jpg,Cataract,741.jpg,Cataract
349,349.jpg,Cataract,742.jpg,Cataract
350,350.jpg,Cataract,743.jpg,Cataract
351,351.jpg,Cataract,744.jpg,Cataract
352,352.jpg,Cataract,745.jpg,Cataract
353,353.jpg,Cataract,746.jpg,Cataract
354,354.jpg,Cataract,747.jpg,Cataract
355,355.jpg,Cataract,748.jpg,Cataract
356,356.jpg,Cataract,749.jpg,Cataract
357,357.jpg,Cataract,750.jpg,Cataract
358,358.jpg,Cataract,aug_751.jpg,Cataract
359,359.jpg,Cataract,aug_752.jpg,Cataract
360,360.jpg,Cataract,aug_753.jpg,Cataract
361,361.jpg,Cataract,aug_754.jpg,Cataract
362,362.jpg,Cataract,aug_755.jpg,Cataract
363,363.jpg,Cataract,aug_756.jpg,Cataract
364,364.jpg,Cataract,aug_757.jpg,Cataract
365,365.jpg,Cataract,aug_758.jpg,Cataract
366,366.jpg,Cataract,aug_759.jpg,Cataract
367,367.jpg,Cataract,aug_760.jpg,Cataract
368,368.jpg,Cataract,aug_761.jpg,Cataract
369,369.jpg,Cataract,aug_762.jpg,Cataract
370,370.jpg,Cataract,aug_763.jpg,Cataract
371,371.jpg,Cataract,aug_764.jpg,Cataract
372,372.jpg,Cataract,aug_766.jpg,Cataract
373,373.jpg,Cataract,aug_768.jpg,Cataract
374,374.jpg,Cataract,aug_769.jpg,Cataract
375,375.jpg,Cataract,aug_770.jpg,Cataract
376,376.jpg,Cataract,aug_771.jpg,Cataract
377,377.jpg,Cataract,aug_772.jpg,Cataract
378,378.jpg,Cataract,aug_773.jpg,Cataract
379,379.jpg,Cataract,aug_774.jpg,Cataract
380,380.jpg,Cataract,aug_776.jpg,Cataract
381,381.jpg,Cataract,aug_777.jpg,Cataract
382,382.jpg,Cataract,aug_778.jpg,Cataract
383,383.jpg,Cataract,aug_779.jpg,Cataract
384,384.jpg,Cataract,aug_780.jpg,Cataract
385,385.jpg,Cataract,aug_782.jpg,Cataract
386,386.jpg,Cataract,aug_784.jpg,Cataract
387,387.jpg,Cataract,aug_785.jpg,Cataract
388,388.jpg,Cataract,aug_786.jpg,Cataract
389,389.jpg,Cataract,aug_787.jpg,Cataract
390,390.jpg,Cataract,aug_788.jpg,Cataract
391,391.jpg,Cataract,aug_789.jpg,Cataract
392,392.jpg,Cataract,aug_790.jpg,Cataract
393,393.jpg,Cataract,aug_791.jpg,Cataract
394,394.jpg,Cataract,aug_792.jpg,Cataract
395,395.jpg,Cataract,aug_793.jpg,Cataract
396,396.jpg,Cataract,aug_794.jpg,Cataract
397,397.jpg,Cataract,aug_796.jpg,Cataract
398,398.jpg,Cataract,aug_799.jpg,Cataract
399,399.jpg,Cataract,aug_800.jpg,Cataract
400,400.jpg,Cataract,aug_801.jpg,Cataract
401,401.jpg,Cataract,aug_802.jpg,Cataract
402,402.jpg,Cataract,aug_803.jpg,Cataract
403,403.jpg,Cataract,aug_804.jpg,Cataract
404,404.jpg,Cataract,aug_805.jpg,Cataract
405,405.jpg,Cataract,aug_806.jpg,Cataract
406,406.jpg,Cataract,aug_807.jpg,Cataract
407,407.jpg,Cataract,aug_808.jpg,Cataract
408,408.jpg,Cataract,aug_809.jpg,Cataract
409,409.jpg,Cataract,aug_810.jpg,Cataract
410,410.jpg,Cataract,aug_811.jpg,Cataract
411,411.jpg,Cataract,aug_812.jpg,Cataract
412,412.jpg,Cataract,aug_814.jpg,Cataract
413,413.jpg,Cataract,aug_815.jpg,Cataract
414,414.jpg,Cataract,aug_816.jpg,Cataract
415,415.jpg,Cataract,aug_818.jpg,Cataract
416,416.jpg,Cataract,aug_819.jpg,Cataract
417,417.jpg,Cataract,aug_820.jpg,Cataract
418,418.jpg,Cataract,aug_822.jpg,Cataract
419,419.jpg,Cataract,aug_823.jpg,Cataract
420,420.jpg,Cataract,aug_825.jpg,Cataract
421,421.jpg,Cataract,aug_826.jpg,Cataract
422,422.jpg,Cataract,aug_827.jpg,Cataract
423,423.jpg,Cataract,aug_828.jpg,Cataract
424,424.jpg,Cataract,aug_829.jpg,Cataract
425,425.jpg,Cataract,aug_830.jpg,Cataract
426,426.jpg,Cataract,aug_831.jpg,Cataract
427,427.jpg,Cataract,aug_832.jpg,Cataract
428,428.jpg,Cataract,aug_833.jpg,Cataract
429,429.jpg,Cataract,aug_834.jpg,Cataract
430,430.jpg,Cataract,aug_836.jpg,Cataract
431,431.jpg,Cataract,aug_837.jpg,Cataract
432,432.jpg,Cataract,aug_838.jpg,Cataract
433,433.jpg,Cataract,aug_841.jpg,Cataract
434,434.jpg,Cataract,aug_842.jpg,Cataract
435,435.jpg,Cataract,aug_843.jpg,Cataract
436,436.jpg,Cataract,aug_845.jpg,Cataract
437,437.jpg,Cataract,aug_846.jpg,Cataract
438,438.jpg,Cataract,aug_847.jpg,Cataract
439,439.jpg,Cataract,aug_848.jpg,Cataract
440,440.jpg,Cataract,aug_850.jpg,Cataract
441,441.jpg,Cataract,aug_852.jpg,Cataract
442,442.jpg,Cataract,aug_853.jpg,Cataract
443,443.jpg,Cataract,aug_855.jpg,Cataract
444,444.jpg,Cataract,aug_856.jpg,Cataract
445,445.jpg,Cataract,aug_858.jpg,Cataract
446,446.jpg,Cataract,aug_859.jpg,Cataract
447,447.jpg,Cataract,aug_860.jpg,Cataract
448,448.jpg,Cataract,aug_861.jpg,Cataract
449,449.jpg,Cataract,aug_862.jpg,Cataract
450,450.jpg,Cataract,aug_865.jpg,Cataract
451,451.jpg,Cataract,aug_866.jpg,Cataract
452,452.jpg,Cataract,aug_867.jpg,Cataract
453,453.jpg,Cataract,aug_868.jpg,Cataract
454,454.jpg,Cataract,aug_870.jpg,Cataract
455,455.jpg,Cataract,aug_871.jpg,Cataract
456,456.jpg,Cataract,aug_874.jpg,Cataract
457,457.jpg,Cataract,aug_876.jpg,Cataract
458,458.jpg,Cataract,aug_877.jpg,Cataract
459,459.jpg,Cataract,aug_878.jpg,Cataract
460,460.jpg,Cataract,aug_879.jpg,Cataract
461,461.jpg,Cataract,aug_881.jpg,Cataract
462,462.jpg,Cataract,aug_882.jpg,Cataract
463,463.jpg,Cataract,aug_883.jpg,Cataract
464,464.jpg,Cataract,aug_887.jpg,Cataract
465,465.jpg,Cataract,aug_888.jpg,Cataract
466,466.jpg,Cataract,aug_889.jpg,Cataract
467,467.jpg,Cataract,aug_891.jpg,Cataract
468,468.jpg,Cataract,aug_892.jpg,Cataract
469,469.jpg,Cataract,aug_895.jpg,Cataract
470,470.jpg,Cataract,aug_896.jpg,Cataract
471,471.jpg,Cataract,aug_897.jpg,Cataract
472,472.jpg,Cataract,aug_898.jpg,Cataract
473,473.jpg,Cataract,aug_899.jpg,Cataract
474,474.jpg,Cataract,aug_900.jpg,Cataract
475,475.jpg,Cataract,aug_901.jpg,Cataract
476,476.jpg,Cataract,aug_902.jpg,Cataract
477,477.jpg,Cataract,aug_903.jpg,Cataract
478,478.jpg,Cataract,aug_904.jpg,Cataract
479,479.jpg,Cataract,aug_906.jpg,Cataract
480,480.jpg,Cataract,aug_908.jpg,Cataract
481,481.jpg,Cataract,aug_909.jpg,Cataract
482,482.jpg,Cataract,aug_911.jpg,Cataract
483,483.jpg,Cataract,aug_912.jpg,Cataract
484,484.jpg,Cataract,aug_913.jpg,Cataract
485,485.jpg,Cataract,aug_914.jpg,Cataract
486,486.jpg,Cataract,aug_915.jpg,Cataract
487,487.jpg,Cataract,aug_916.jpg,Cataract
488,488.jpg,Cataract,aug_917.jpg,Cataract
489,489.jpg,Cataract,aug_918.jpg,Cataract
490,490.jpg,Cataract,aug_919.jpg,Cataract
491,491.jpg,Cataract,aug_920.jpg,Cataract
492,492.jpg,Cataract,aug_921.jpg,Cataract
493,493.jpg,Cataract,aug_922.jpg,Cataract
494,494.jpg,Cataract,aug_924.jpg,Cataract
495,495.jpg,Cataract,aug_926.jpg,Cataract
496,496.jpg,Cataract,aug_927.jpg,Cataract
497,497.jpg,Cataract,aug_928.jpg,Cataract
498,498.jpg,Cataract,aug_929.jpg,Cataract
499,499.jpg,Cataract,aug_930.jpg,Cataract
500,500.jpg,Cataract,aug_933.jpg,Cataract
501,501.jpg,Cataract,aug_934.jpg,Cataract
502,502.jpg,Cataract,aug_936.jpg,Cataract
503,503.jpg,Cataract,aug_937.jpg,Cataract
504,504.jpg,Cataract,aug_938.jpg,Cataract
505,505.jpg,Cataract,aug_939.jpg,Cataract
506,506.jpg,Cataract,aug_940.jpg,Cataract
507,507.jpg,Cataract,aug_941.jpg,Cataract
508,508.jpg,Cataract,aug_942.jpg,Cataract
509,509.jpg,Cataract,aug_943.jpg,Cataract
510,510.jpg,Cataract,aug_944.jpg,Cataract
511,511.jpg,Cataract,aug_945.jpg,Cataract
512,512.jpg,Cataract,aug_946.jpg,Cataract
513,513.jpg,Cataract,aug_947.jpg,Cataract
514,514.jpg,Cataract,aug_949.jpg,Cataract
515,515.jpg,Cataract,aug_950.jpg,Cataract
516,516.jpg,Cataract,aug_953.jpg,Cataract
517,517.jpg,Cataract,aug_954.jpg,Cataract
518,518.jpg,Cataract,aug_955.jpg,Cataract
519,519.jpg,Cataract,aug_956.jpg,Cataract
520,520.jpg,Cataract,aug_957.jpg,Cataract
521,521.jpg,Cataract,aug_960.jpg,Cataract
522,522.jpg,Cataract,aug_961.jpg,Cataract
523,523.jpg,Cataract,aug_963.jpg,Cataract
524,524.jpg,Cataract,aug_964.jpg,Cataract
525,525.jpg,Cataract,aug_965.jpg,Cataract
526,526.jpg,Cataract,aug_966.jpg,Cataract
527,527.jpg,Cataract,aug_967.jpg,Cataract
528,528.jpg,Cataract,aug_969.jpg,Cataract
529,529.jpg,Cataract,aug_971.jpg,Cataract
530,530.jpg,Cataract,aug_973.jpg,Cataract
531,531.jpg,Cataract,aug_974.jpg,Cataract
532,532.jpg,Cataract,aug_978.jpg,Cataract
533,533.jpg,Cataract,aug_979.jpg,Cataract
534,534.jpg,Cataract,aug_980.jpg,Cataract
535,535.jpg,Cataract,aug_982.jpg,Cataract
536,536.jpg,Cataract,aug_983.jpg,Cataract
537,537.jpg,Cataract,aug_984.jpg,Cataract
538,538.jpg,Cataract,aug_985.jpg,Cataract
539,539.jpg,Cataract,aug_987.jpg,Cataract
540,540.jpg,Cataract,aug_988.jpg,Cataract
541,541.jpg,Cataract,aug_989.jpg,Cataract
542,542.jpg,Cataract,aug_993.jpg,Cataract
543,543.jpg,Cataract,aug_994.jpg,Cataract
544,544.jpg,Cataract,aug_997.jpg,Cataract
545,545.jpg,Conjunctivitis,1.jpg,Conjunctivitis
546,546.jpg,Conjunctivitis,100.jpg,Conjunctivitis
547,547.jpg,Conjunctivitis,101.jpg,Conjunctivitis
548,548.jpg,Conjunctivitis,102.jpg,Conjunctivitis
549,549.jpg,Conjunctivitis,103.jpg,Conjunctivitis
550,550.jpg,Conjunctivitis,104.jpg,Conjunctivitis
551,551.jpg,Conjunctivitis,105.jpg,Conjunctivitis
552,552.jpg,Conjunctivitis,106.jpg,Conjunctivitis
553,553.jpg,Conjunctivitis,107.jpg,Conjunctivitis
554,554.jpg,Conjunctivitis,108.jpg,Conjunctivitis
555,555.jpg,Conjunctivitis,110.jpg,Conjunctivitis
556,556.jpg,Conjunctivitis,111.jpg,Conjunctivitis
557,557.jpg,Conjunctivitis,112.jpg,Conjunctivitis
558,558.jpg,Conjunctivitis,113.jpg,Conjunctivitis
559,559.jpg,Conjunctivitis,114.jpg,Conjunctivitis
560,560.jpg,Conjunctivitis,116.jpg,Conjunctivitis
561,561.jpg,Conjunctivitis,117.jpg,Conjunctivitis
562,562.jpg,Conjunctivitis,118.jpg,Conjunctivitis
563,563.jpg,Conjunctivitis,119.jpg,Conjunctivitis
564,564.jpg,Conjunctivitis,120.jpg,Conjunctivitis
565,565.jpg,Conjunctivitis,127.jpg,Conjunctivitis
566,566.jpg,Conjunctivitis,128.jpg,Conjunctivitis
567,567.jpg,Conjunctivitis,130.jpg,Conjunctivitis
568,568.jpg,Conjunctivitis,131.jpg,Conjunctivitis
569,569.jpg,Conjunctivitis,132.jpg,Conjunctivitis
570,570.jpg,Conjunctivitis,133.jpg,Conjunctivitis
571,571.jpg,Conjunctivitis,134.jpg,Conjunctivitis
572,572.jpg,Conjunctivitis,135.jpg,Conjunctivitis
573,573.jpg,Conjunctivitis,136.jpg,Conjunctivitis
574,574.jpg,Conjunctivitis,137.jpg,Conjunctivitis
575,575.jpg,Conjunctivitis,138.jpg,Conjunctivitis
576,576.jpg,Conjunctivitis,139.jpg,Conjunctivitis
577,577.jpg,Conjunctivitis,140.jpg,Conjunctivitis
578,578.jpg,Conjunctivitis,141.jpg,Conjunctivitis
579,579.jpg,Conjunctivitis,142.jpg,Conjunctivitis
580,580.jpg,Conjunctivitis,143.jpg,Conjunctivitis
581,581.jpg,Conjunctivitis,144.jpg,Conjunctivitis
582,582.jpg,Conjunctivitis,145.jpg,Conjunctivitis
583,583.jpg,Conjunctivitis,146.jpg,Conjunctivitis
584,584.jpg,Conjunctivitis,147.jpg,Conjunctivitis
585,585.jpg,Conjunctivitis,148.jpg,Conjunctivitis
586,586.jpg,Conjunctivitis,149.jpg,Conjunctivitis
587,587.jpg,Conjunctivitis,150.jpg,Conjunctivitis
588,588.jpg,Conjunctivitis,151.jpg,Conjunctivitis
589,589.jpg,Conjunctivitis,152.jpg,Conjunctivitis
590,590.jpg,Conjunctivitis,153.jpg,Conjunctivitis
591,591.jpg,Conjunctivitis,154.jpg,Conjunctivitis
592,592.jpg,Conjunctivitis,155.jpg,Conjunctivitis
593,593.jpg,Conjunctivitis,156.jpg,Conjunctivitis
594,594.jpg,Conjunctivitis,157.jpg,Conjunctivitis
595,595.jpg,Conjunctivitis,168.jpg,Conjunctivitis
596,596.jpg,Conjunctivitis,169.jpg,Conjunctivitis
597,597.jpg,Conjunctivitis,170.jpg,Conjunctivitis
598,598.jpg,Conjunctivitis,178.jpg,Conjunctivitis
599,599.jpg,Conjunctivitis,181.jpg,Conjunctivitis
600,600.jpg,Conjunctivitis,182.jpg,Conjunctivitis
601,601.jpg,Conjunctivitis,186.jpg,Conjunctivitis
602,602.jpg,Conjunctivitis,187.jpg,Conjunctivitis
603,603.jpg,Conjunctivitis,188.jpg,Conjunctivitis
604,604.jpg,Conjunctivitis,189.jpg,Conjunctivitis
605,605.jpg,Conjunctivitis,190.jpg,Conjunctivitis
606,606.jpg,Conjunctivitis,191.jpg,Conjunctivitis
607,607.jpg,Conjunctivitis,193.jpg,Conjunctivitis
608,608.jpg,Conjunctivitis,195.jpg,Conjunctivitis
609,609.jpg,Conjunctivitis,198.jpg,Conjunctivitis
610,610.jpg,Conjunctivitis,199.jpg,Conjunctivitis
611,611.jpg,Conjunctivitis,2.jpg,Conjunctivitis
612,612.jpg,Conjunctivitis,200.jpg,Conjunctivitis
613,613.jpg,Conjunctivitis,201.jpg,Conjunctivitis
614,614.jpg,Conjunctivitis,202.jpg,Conjunctivitis
615,615.jpg,Conjunctivitis,203.jpg,Conjunctivitis
616,616.jpg,Conjunctivitis,206.jpg,Conjunctivitis
617,617.jpg,Conjunctivitis,207.jpg,Conjunctivitis
618,618.jpg,Conjunctivitis,208.jpg,Conjunctivitis
619,619.jpg,Conjunctivitis,215.jpg,Conjunctivitis
620,620.jpg,Conjunctivitis,216.jpg,Conjunctivitis
621,621.jpg,Conjunctivitis,22.jpg,Conjunctivitis
622,622.jpg,Conjunctivitis,223.jpg,Conjunctivitis
623,623.jpg,Conjunctivitis,228.jpg,Conjunctivitis
624,624.jpg,Conjunctivitis,229.jpg,Conjunctivitis
625,625.jpg,Conjunctivitis,23.jpg,Conjunctivitis
626,626.jpg,Conjunctivitis,230.jpg,Conjunctivitis
627,627.jpg,Conjunctivitis,231.jpg,Conjunctivitis
628,628.jpg,Conjunctivitis,233.jpg,Conjunctivitis
629,629.jpg,Conjunctivitis,234.jpg,Conjunctivitis
630,630.jpg,Conjunctivitis,235.jpg,Conjunctivitis
631,631.jpg,Conjunctivitis,236.jpg,Conjunctivitis
632,632.jpg,Conjunctivitis,237.jpg,Conjunctivitis
633,633.jpg,Conjunctivitis,238.jpg,Conjunctivitis
634,634.jpg,Conjunctivitis,239.jpg,Conjunctivitis
635,635.jpg,Conjunctivitis,24.jpg,Conjunctivitis
636,636.jpg,Conjunctivitis,240.jpg,Conjunctivitis
637,637.jpg,Conjunctivitis,241.jpg,Conjunctivitis
638,638.jpg,Conjunctivitis,242.jpg,Conjunctivitis
639,639.jpg,Conjunctivitis,244.jpg,Conjunctivitis
640,640.jpg,Conjunctivitis,245.jpg,Conjunctivitis
641,641.jpg,Conjunctivitis,246.jpg,Conjunctivitis
642,642.jpg,Conjunctivitis,247.jpg,Conjunctivitis
643,643.jpg,Conjunctivitis,248.jpg,Conjunctivitis
644,644.jpg,Conjunctivitis,249.jpg,Conjunctivitis
645,645.jpg,Conjunctivitis,25.jpg,Conjunctivitis
646,646.jpg,Conjunctivitis,250.jpg,Conjunctivitis
647,647.jpg,Conjunctivitis,251.jpg,Conjunctivitis
648,648.jpg,Conjunctivitis,256.jpg,Conjunctivitis
649,649.jpg,Conjunctivitis,257.jpg,Conjunctivitis
650,650.jpg,Conjunctivitis,258.jpg,Conjunctivitis
651,651.jpg,Conjunctivitis,259.jpg,Conjunctivitis
652,652.jpg,Conjunctivitis,260.jpg,Conjunctivitis
653,653.jpg,Conjunctivitis,261.jpg,Conjunctivitis
654,654.jpg,Conjunctivitis,262.jpg,Conjunctivitis
655,655.jpg,Conjunctivitis,263.jpg,Conjunctivitis
656,656.jpg,Conjunctivitis,265.jpg,Conjunctivitis
657,657.jpg,Conjunctivitis,266.jpg,Conjunctivitis
658,658.jpg,Conjunctivitis,267.jpg,Conjunctivitis
659,659.jpg,Conjunctivitis,268.jpg,Conjunctivitis
660,660.jpg,Conjunctivitis,271.jpg,Conjunctivitis
661,661.jpg,Conjunctivitis,272.jpg,Conjunctivitis
662,662.jpg,Conjunctivitis,273.jpg,Conjunctivitis
663,663.jpg,Conjunctivitis,274.jpg,Conjunctivitis
664,664.jpg,Conjunctivitis,275.jpg,Conjunctivitis
665,665.jpg,Conjunctivitis,276.jpg,Conjunctivitis
666,666.jpg,Conjunctivitis,277.jpg,Conjunctivitis
667,667.jpg,Conjunctivitis,279.jpg,Conjunctivitis
668,668.jpg,Conjunctivitis,28.jpg,Conjunctivitis
669,669.jpg,Conjunctivitis,280.jpg,Conjunctivitis
670,670.jpg,Conjunctivitis,281.jpg,Conjunctivitis
671,671.jpg,Conjunctivitis,282.jpg,Conjunctivitis
672,672.jpg,Conjunctivitis,283.jpg,Conjunctivitis
673,673.jpg,Conjunctivitis,287.jpg,Conjunctivitis
674,674.jpg,Conjunctivitis,288.jpg,Conjunctivitis
675,675.jpg,Conjunctivitis,29.jpg,Conjunctivitis
676,676.jpg,Conjunctivitis,291.jpg,Conjunctivitis
677,677.jpg,Conjunctivitis,292.jpg,Conjunctivitis
678,678.jpg,Conjunctivitis,293.jpg,Conjunctivitis
679,679.jpg,Conjunctivitis,294.jpg,Conjunctivitis
680,680.jpg,Conjunctivitis,295.jpg,Conjunctivitis
681,681.jpg,Conjunctivitis,296.jpg,Conjunctivitis
682,682.jpg,Conjunctivitis,297.jpg,Conjunctivitis
683,683.jpg,Conjunctivitis,298.jpg,Conjunctivitis
684,684.jpg,Conjunctivitis,299.jpg,Conjunctivitis
685,685.jpg,Conjunctivitis,30.jpg,Conjunctivitis
686,686.jpg,Conjunctivitis,301.jpg,Conjunctivitis
687,687.jpg,Conjunctivitis,302.jpg,Conjunctivitis
688,688.jpg,Conjunctivitis,303.jpg,Conjunctivitis
689,689.jpg,Conjunctivitis,304.jpg,Conjunctivitis
690,690.jpg,Conjunctivitis,309.jpg,Conjunctivitis
691,691.jpg,Conjunctivitis,310.jpg,Conjunctivitis
692,692.jpg,Conjunctivitis,311.jpg,Conjunctivitis
693,693.jpg,Conjunctivitis,312.jpg,Conjunctivitis
694,694.jpg,Conjunctivitis,313.jpg,Conjunctivitis
695,695.jpg,Conjunctivitis,314.jpg,Conjunctivitis
696,696.jpg,Conjunctivitis,315.jpg,Conjunctivitis
697,697.jpg,Conjunctivitis,316.jpg,Conjunctivitis
698,698.jpg,Conjunctivitis,317.jpg,Conjunctivitis
699,699.jpg,Conjunctivitis,318.jpg,Conjunctivitis
700,700.jpg,Conjunctivitis,319.jpg,Conjunctivitis
701,701.jpg,Conjunctivitis,320.jpg,Conjunctivitis
702,702.jpg,Conjunctivitis,322.jpg,Conjunctivitis
703,703.jpg,Conjunctivitis,323.jpg,Conjunctivitis
704,704.jpg,Conjunctivitis,324.jpg,Conjunctivitis
705,705.jpg,Conjunctivitis,325.jpg,Conjunctivitis
706,706.jpg,Conjunctivitis,326.jpg,Conjunctivitis
707,707.jpg,Conjunctivitis,327.jpg,Conjunctivitis
708,708.jpg,Conjunctivitis,328.jpg,Conjunctivitis
709,709.jpg,Conjunctivitis,329.jpg,Conjunctivitis
710,710.jpg,Conjunctivitis,330.jpg,Conjunctivitis
711,711.jpg,Conjunctivitis,331.jpg,Conjunctivitis
712,712.jpg,Conjunctivitis,332.jpg,Conjunctivitis
713,713.jpg,Conjunctivitis,333.jpg,Conjunctivitis
714,714.jpg,Conjunctivitis,334.jpg,Conjunctivitis
715,715.jpg,Conjunctivitis,335.jpg,Conjunctivitis
716,716.jpg,Conjunctivitis,34.jpg,Conjunctivitis
717,717.jpg,Conjunctivitis,356.jpg,Conjunctivitis
718,718.jpg,Conjunctivitis,357.jpg,Conjunctivitis
719,719.jpg,Conjunctivitis,358.jpg,Conjunctivitis
720,720.jpg,Conjunctivitis,359.jpg,Conjunctivitis
721,721.jpg,Conjunctivitis,360.jpg,Conjunctivitis
722,722.jpg,Conjunctivitis,361.jpg,Conjunctivitis
723,723.jpg,Conjunctivitis,362.jpg,Conjunctivitis
724,724.jpg,Conjunctivitis,363.jpg,Conjunctivitis
725,725.jpg,Conjunctivitis,364.jpg,Conjunctivitis
726,726.jpg,Conjunctivitis,365.jpg,Conjunctivitis
727,727.jpg,Conjunctivitis,366.jpg,Conjunctivitis
728,728.jpg,Conjunctivitis,367.jpg,Conjunctivitis
729,729.jpg,Conjunctivitis,368.jpg,Conjunctivitis
730,730.jpg,Conjunctivitis,369.jpg,Conjunctivitis
731,731.jpg,Conjunctivitis,37.jpg,Conjunctivitis
732,732.jpg,Conjunctivitis,370.jpg,Conjunctivitis
733,733.jpg,Conjunctivitis,372.jpg,Conjunctivitis
734,734.jpg,Conjunctivitis,373.jpg,Conjunctivitis
735,735.jpg,Conjunctivitis,374.jpg,Conjunctivitis
736,736.jpg,Conjunctivitis,375.jpg,Conjunctivitis
737,737.jpg,Conjunctivitis,376.jpg,Conjunctivitis
738,738.jpg,Conjunctivitis,377.jpg,Conjunctivitis
739,739.jpg,Conjunctivitis,378.jpg,Conjunctivitis
740,740.jpg,Conjunctivitis,379.jpg,Conjunctivitis
741,741.jpg,Conjunctivitis,38.jpg,Conjunctivitis
742,742.jpg,Conjunctivitis,380.jpg,Conjunctivitis
743,743.jpg,Conjunctivitis,381.jpg,Conjunctivitis
744,744.jpg,Conjunctivitis,382.jpg,Conjunctivitis
745,745.jpg,Conjunctivitis,383.jpg,Conjunctivitis
746,746.jpg,Conjunctivitis,384.jpg,Conjunctivitis
747,747.jpg,Conjunctivitis,385.jpg,Conjunctivitis
748,748.jpg,Conjunctivitis,386.jpg,Conjunctivitis
749,749.jpg,Conjunctivitis,387.jpg,Conjunctivitis
750,750.jpg,Conjunctivitis,388.jpg,Conjunctivitis
751,751.jpg,Conjunctivitis,389.jpg,Conjunctivitis
752,752.jpg,Conjunctivitis,390.jpg,Conjunctivitis
753,753.jpg,Conjunctivitis,391.jpg,Conjunctivitis
754,754.jpg,Conjunctivitis,392.jpg,Conjunctivitis
755,755.jpg,Conjunctivitis,393.jpg,Conjunctivitis
756,756.jpg,Conjunctivitis,395.jpg,Conjunctivitis
757,757.jpg,Conjunctivitis,397.jpg,Conjunctivitis
758,758.jpg,Conjunctivitis,398.jpg,Conjunctivitis
759,759.jpg,Conjunctivitis,399.jpg,Conjunctivitis
760,760.jpg,Conjunctivitis,400.jpg,Conjunctivitis
761,761.jpg,Conjunctivitis,401.jpg,Conjunctivitis
762,762.jpg,Conjunctivitis,402.jpg,Conjunctivitis
763,763.jpg,Conjunctivitis,403.jpg,Conjunctivitis
764,764.jpg,Conjunctivitis,404.jpg,Conjunctivitis
765,765.jpg,Conjunctivitis,405.jpg,Conjunctivitis
766,766.jpg,Conjunctivitis,406.jpg,Conjunctivitis
767,767.jpg,Conjunctivitis,407.jpg,Conjunctivitis
768,768.jpg,Conjunctivitis,408.jpg,Conjunctivitis
769,769.jpg,Conjunctivitis,409.jpg,Conjunctivitis
770,770.jpg,Conjunctivitis,411.jpg,Conjunctivitis
771,771.jpg,Conjunctivitis,412.jpg,Conjunctivitis
772,772.jpg,Conjunctivitis,413.jpg,Conjunctivitis
773,773.jpg,Conjunctivitis,414.jpg,Conjunctivitis
774,774.jpg,Conjunctivitis,415.jpg,Conjunctivitis
775,775.jpg,Conjunctivitis,416.jpg,Conjunctivitis
776,776.jpg,Conjunctivitis,419.jpg,Conjunctivitis
777,777.jpg,Conjunctivitis,42.jpg,Conjunctivitis
778,778.jpg,Conjunctivitis,421.jpg,Conjunctivitis
779,779.jpg,Conjunctivitis,424.jpg,Conjunctivitis
780,780.jpg,Conjunctivitis,425.jpg,Conjunctivitis
781,781.jpg,Conjunctivitis,427.jpg,Conjunctivitis
782,782.jpg,Conjunctivitis,428.jpg,Conjunctivitis
783,783.jpg,Conjunctivitis,430.jpg,Conjunctivitis
784,784.jpg,Conjunctivitis,433.jpg,Conjunctivitis
785,785.jpg,Conjunctivitis,434.jpg,Conjunctivitis
786,786.jpg,Conjunctivitis,437.jpg,Conjunctivitis
787,787.jpg,Conjunctivitis,439.jpg,Conjunctivitis
788,788.jpg,Conjunctivitis,440.jpg,Conjunctivitis
789,789.jpg,Conjunctivitis,441.jpg,Conjunctivitis
790,790.jpg,Conjunctivitis,442.jpg,Conjunctivitis
791,791.jpg,Conjunctivitis,443.jpg,Conjunctivitis
792,792.jpg,Conjunctivitis,45.jpg,Conjunctivitis
793,793.jpg,Conjunctivitis,494.jpg,Conjunctivitis
794,794.jpg,Conjunctivitis,495.jpg,Conjunctivitis
795,795.jpg,Conjunctivitis,496.jpg,Conjunctivitis
796,796.jpg,Conjunctivitis,497.jpg,Conjunctivitis
797,797.jpg,Conjunctivitis,498.jpg,Conjunctivitis
798,798.jpg,Conjunctivitis,499.jpg,Conjunctivitis
799,799.jpg,Conjunctivitis,500.jpg,Conjunctivitis
800,800.jpg,Conjunctivitis,502(1).jpg,Conjunctivitis
801,801.jpg,Conjunctivitis,503(1).jpg,Conjunctivitis
802,802.jpg,Conjunctivitis,531.jpg,Conjunctivitis
803,803.jpg,Conjunctivitis,532.jpg,Conjunctivitis
804,804.jpg,Conjunctivitis,533.jpg,Conjunctivitis
805,805.jpg,Conjunctivitis,534.jpg,Conjunctivitis
806,806.jpg,Conjunctivitis,535.jpg,Conjunctivitis
807,807.jpg,Conjunctivitis,545.jpg,Conjunctivitis
808,808.jpg,Conjunctivitis,546.jpg,Conjunctivitis
809,809.jpg,Conjunctivitis,548.jpg,Conjunctivitis
810,810.jpg,Conjunctivitis,55.jpg,Conjunctivitis
811,811.png,Conjunctivitis,604.png,Conjunctivitis
812,812.png,Conjunctivitis,605.png,Conjunctivitis
813,813.png,Conjunctivitis,606.png,Conjunctivitis
814,814.png,Conjunctivitis,607.png,Conjunctivitis
815,815.png,Conjunctivitis,608.png,Conjunctivitis
816,816.png,Conjunctivitis,613.png,Conjunctivitis
817,817.png,Conjunctivitis,617.png,Conjunctivitis
818,818.jpg,Conjunctivitis,62.jpg,Conjunctivitis
819,819.jpg,Conjunctivitis,63.jpg,Conjunctivitis
820,820.jpg,Conjunctivitis,64.jpg,Conjunctivitis
821,821.jpg,Conjunctivitis,65.jpg,Conjunctivitis
822,822.png,Conjunctivitis,650.png,Conjunctivitis
823,823.png,Conjunctivitis,658.png,Conjunctivitis
824,824.png,Conjunctivitis,659.png,Conjunctivitis
825,825.jpg,Conjunctivitis,66.jpg,Conjunctivitis
826,826.png,Conjunctivitis,660.png,Conjunctivitis
827,827.png,Conjunctivitis,664.png,Conjunctivitis
828,828.png,Conjunctivitis,665.png,Conjunctivitis
829,829.png,Conjunctivitis,666.png,Conjunctivitis
830,830.png,Conjunctivitis,667.png,Conjunctivitis
831,831.png,Conjunctivitis,668.png,Conjunctivitis
832,832.png,Conjunctivitis,669.png,Conjunctivitis
833,833.png,Conjunctivitis,670.png,Conjunctivitis
834,834.png,Conjunctivitis,671.png,Conjunctivitis
835,835.png,Conjunctivitis,672.png,Conjunctivitis
836,836.png,Conjunctivitis,673.png,Conjunctivitis
837,837.png,Conjunctivitis,674.png,Conjunctivitis
838,838.png,Conjunctivitis,675.png,Conjunctivitis
839,839.png,Conjunctivitis,676.png,Conjunctivitis
840,840.png,Conjunctivitis,677.png,Conjunctivitis
841,841.png,Conjunctivitis,678.png,Conjunctivitis
842,842.png,Conjunctivitis,679.png,Conjunctivitis
843,843.png,Conjunctivitis,680.png,Conjunctivitis
844,844.png,Conjunctivitis,681.png,Conjunctivitis
845,845.png,Conjunctivitis,682.png,Conjunctivitis
846,846.png,Conjunctivitis,683.png,Conjunctivitis
847,847.png,Conjunctivitis,684.png,Conjunctivitis
848,848.png,Conjunctivitis,685.png,Conjunctivitis
849,849.png,Conjunctivitis,686.png,Conjunctivitis
850,850.png,Conjunctivitis,687.png,Conjunctivitis
851,851.jpg,Conjunctivitis,79.jpg,Conjunctivitis
852,852.jpg,Conjunctivitis,89.jpg,Conjunctivitis
853,853.jpg,Conjunctivitis,90.jpg,Conjunctivitis
854,854.jpg,Conjunctivitis,91.jpg,Conjunctivitis
855,855.jpg,Conjunctivitis,92.jpg,Conjunctivitis
856,856.jpg,Conjunctivitis,93.jpg,Conjunctivitis
857,857.jpg,Conjunctivitis,94.jpg,Conjunctivitis
858,858.jpg,Conjunctivitis,95.jpg,Conjunctivitis
859,859.jpg,Conjunctivitis,96.jpg,Conjunctivitis
860,860.jpg,Conjunctivitis,97.jpg,Conjunctivitis
861,861.jpg,Conjunctivitis,98.jpg,Conjunctivitis
862,862.jpg,Conjunctivitis,99.jpg,Conjunctivitis
863,863.jpg,Conjunctivitis,aug_774.jpg,Conjunctivitis
864,864.jpg,Conjunctivitis,aug_775.jpg,Conjunctivitis
865,865.jpg,Conjunctivitis,aug_776.jpg,Conjunctivitis
866,866.jpg,Conjunctivitis,aug_778.jpg,Conjunctivitis
867,867.jpg,Conjunctivitis,aug_781.jpg,Conjunctivitis
868,868.jpg,Conjunctivitis,aug_782.jpg,Conjunctivitis
869,869.jpg,Conjunctivitis,aug_785.jpg,Conjunctivitis
870,870.jpg,Conjunctivitis,aug_786.jpg,Conjunctivitis
871,871.jpg,Conjunctivitis,aug_790.jpg,Conjunctivitis
872,872.jpg,Conjunctivitis,aug_791.jpg,Conjunctivitis
873,873.jpg,Conjunctivitis,aug_792.jpg,Conjunctivitis
874,874.jpg,Conjunctivitis,aug_793.jpg,Conjunctivitis
875,875.jpg,Conjunctivitis,aug_795.jpg,Conjunctivitis
876,876.jpg,Conjunctivitis,aug_799.jpg,Conjunctivitis
877,877.jpg,Conjunctivitis,aug_800.jpg,Conjunctivitis
878,878.jpg,Conjunctivitis,aug_801.jpg,Conjunctivitis
879,879.jpg,Conjunctivitis,aug_802.jpg,Conjunctivitis
880,880.jpg,Conjunctivitis,aug_803.jpg,Conjunctivitis
881,881.jpg,Conjunctivitis,aug_804.jpg,Conjunctivitis
882,882.jpg,Conjunctivitis,aug_805.jpg,Conjunctivitis
883,883.jpg,Conjunctivitis,aug_806.jpg,Conjunctivitis
884,884.jpg,Conjunctivitis,aug_808.jpg,Conjunctivitis
885,885.jpg,Conjunctivitis,aug_809.jpg,Conjunctivitis
886,886.jpg,Conjunctivitis,aug_814.jpg,Conjunctivitis
887,887.jpg,Conjunctivitis,aug_816.jpg,Conjunctivitis
888,888.jpg,Conjunctivitis,aug_818.jpg,Conjunctivitis
889,889.jpg,Conjunctivitis,aug_819.jpg,Conjunctivitis
890,890.jpg,Conjunctivitis,aug_820.jpg,Conjunctivitis
891,891.jpg,Conjunctivitis,aug_821.jpg,Conjunctivitis
892,892.jpg,Conjunctivitis,aug_822.jpg,Conjunctivitis
893,893.jpg,Conjunctivitis,aug_824.jpg,Conjunctivitis
894,894.jpg,Conjunctivitis,aug_826.jpg,Conjunctivitis
895,895.jpg,Conjunctivitis,aug_830.jpg,Conjunctivitis
896,896.jpg,Conjunctivitis,aug_832.jpg,Conjunctivitis
897,897.jpg,Conjunctivitis,aug_834.jpg,Conjunctivitis
898,898.jpg,Conjunctivitis,aug_841.jpg,Conjunctivitis
899,899.jpg,Conjunctivitis,aug_844.jpg,Conjunctivitis
900,900.jpg,Conjunctivitis,aug_846.jpg,Conjunctivitis
901,901.jpg,Conjunctivitis,aug_849.jpg,Conjunctivitis
902,902.jpeg,Eyelid,1.jpeg,Eyelid
903,903.jpeg,Eyelid,10.jpeg,Eyelid
904,904.jpeg,Eyelid,100.jpeg,Eyelid
905,905.jpeg,Eyelid,1000.jpeg,Eyelid
906,906.jpeg,Eyelid,101.jpeg,Eyelid
907,907.jpeg,Eyelid,102.jpeg,Eyelid
908,908.jpeg,Eyelid,103.jpeg,Eyelid
909,909.jpeg,Eyelid,104.jpeg,Eyelid
910,910.jpeg,Eyelid,105.jpeg,Eyelid
911,911.jpeg,Eyelid,108.jpeg,Eyelid
912,912.jpeg,Eyelid,109.jpeg,Eyelid
913,913.jpeg,Eyelid,110.jpeg,Eyelid
914,914.jpeg,Eyelid,111.jpeg,Eyelid
915,915.jpeg,Eyelid,112.jpeg,Eyelid
916,916.jpeg,Eyelid,114.jpeg,Eyelid
917,917.jpeg,Eyelid,115.jpeg,Eyelid
918,918.jpeg,Eyelid,123.jpeg,Eyelid
919,919.jpeg,Eyelid,124.jpeg,Eyelid
920,920.jpeg,Eyelid,127.jpeg,Eyelid
921,921.jpeg,Eyelid,129.jpeg,Eyelid
922,922.jpeg,Eyelid,13.jpeg,Eyelid
923,923.jpeg,Eyelid,130.jpeg,Eyelid
924,924.jpeg,Eyelid,131.jpeg,Eyelid
925,925.jpeg,Eyelid,133.jpeg,Eyelid
926,926.jpeg,Eyelid,135.jpeg,Eyelid
927,927.jpeg,Eyelid,136.jpeg,Eyelid
928,928.jpeg,Eyelid,137.jpeg,Eyelid
929,929.jpeg,Eyelid,138.jpeg,Eyelid
930,930.jpeg,Eyelid,139.jpeg,Eyelid
931,931.jpeg,Eyelid,140.jpeg,Eyelid
932,932.jpeg,Eyelid,141.jpeg,Eyelid
933,933.jpeg,Eyelid,143.jpeg,Eyelid
934,934.jpeg,Eyelid,145.jpeg,Eyelid
935,935.jpeg,Eyelid,147.jpeg,Eyelid
936,936.jpeg,Eyelid,149.jpeg,Eyelid
937,937.jpeg,Eyelid,152.jpeg,Eyelid
938,938.jpeg,Eyelid,153.jpeg,Eyelid
939,939.jpeg,Eyelid,154.jpeg,Eyelid
940,940.jpeg,Eyelid,155.jpeg,Eyelid
941,941.jpeg,Eyelid,158.jpeg,Eyelid
942,942.jpeg,Eyelid,160.jpeg,Eyelid
943,943.jpeg,Eyelid,161.jpeg,Eyelid
944,944.jpeg,Eyelid,169.jpeg,Eyelid
945,945.jpeg,Eyelid,170.jpeg,Eyelid
946,946.jpeg,Eyelid,172.jpeg,Eyelid
947,947.jpeg,Eyelid,174.jpeg,Eyelid
948,948.jpeg,Eyelid,176.jpeg,Eyelid
949,949.jpeg,Eyelid,178.jpeg,Eyelid
950,950.jpeg,Eyelid,179.jpeg,Eyelid
951,951.jpeg,Eyelid,180.jpeg,Eyelid
952,952.jpeg,Eyelid,181.jpeg,Eyelid
953,953.jpeg,Eyelid,183.jpeg,Eyelid
954,954.jpeg,Eyelid,184.jpeg,Eyelid
955,955.jpeg,Eyelid,185.jpeg,Eyelid
956,956.jpeg,Eyelid,186.jpeg,Eyelid
957,957.jpeg,Eyelid,187.jpeg,Eyelid
958,958.jpeg,Eyelid,188.jpeg,Eyelid
959,959.jpeg,Eyelid,189.jpeg,Eyelid
960,960.jpeg,Eyelid,190.jpeg,Eyelid
961,961.jpeg,Eyelid,191.jpeg,Eyelid
962,962.jpeg,Eyelid,192.jpeg,Eyelid
963,963.jpeg,Eyelid,193.jpeg,Eyelid
964,964.jpeg,Eyelid,194.jpeg,Eyelid
965,965.jpeg,Eyelid,195.jpeg,Eyelid
966,966.jpeg,Eyelid,196.jpeg,Eyelid
967,967.jpeg,Eyelid,197.jpeg,Eyelid
968,968.jpeg,Eyelid,198.jpeg,Eyelid
969,969.jpeg,Eyelid,199.jpeg,Eyelid
970,970.jpeg,Eyelid,2.jpeg,Eyelid
971,971.jpeg,Eyelid,200.jpeg,Eyelid
972,972.jpeg,Eyelid,201.jpeg,Eyelid
973,973.jpeg,Eyelid,202.jpeg,Eyelid
974,974.jpeg,Eyelid,203.jpeg,Eyelid
975,975.jpeg,Eyelid,204.jpeg,Eyelid
976,976.jpeg,Eyelid,206.jpeg,Eyelid
977,977.jpeg,Eyelid,207.jpeg,Eyelid
978,978.jpeg,Eyelid,208.jpeg,Eyelid
979,979.jpeg,Eyelid,209.jpeg,Eyelid
980,980.jpeg,Eyelid,21.jpeg,Eyelid
981,981.jpeg,Eyelid,210.jpeg,Eyelid
982,982.jpeg,Eyelid,211.jpeg,Eyelid
983,983.jpeg,Eyelid,212.jpeg,Eyelid
984,984.jpeg,Eyelid,219.jpeg,Eyelid
985,985.jpeg,Eyelid,220.jpeg,Eyelid
986,986.jpeg,Eyelid,221.jpeg,Eyelid
987,987.jpeg,Eyelid,222.jpeg,Eyelid
988,988.jpeg,Eyelid,223.jpeg,Eyelid
989,989.jpeg,Eyelid,225.jpeg,Eyelid
990,990.jpeg,Eyelid,226.jpeg,Eyelid
991,991.jpeg,Eyelid,227.jpeg,Eyelid
992,992.jpeg,Eyelid,228.jpeg,Eyelid
993,993.jpeg,Eyelid,230.jpeg,Eyelid
994,994.jpeg,Eyelid,235.jpeg,Eyelid
995,995.jpeg,Eyelid,236.jpeg,Eyelid
996,996.jpeg,Eyelid,237.jpeg,Eyelid
997,997.jpeg,Eyelid,239.jpeg,Eyelid
998,998.jpeg,Eyelid,24.jpeg,Eyelid
999,999.jpeg,Eyelid,240.jpeg,Eyelid
1000,1000.jpeg,Eyelid,241.jpeg,Eyelid
1001,1001.jpeg,Eyelid,242.jpeg,Eyelid
1002,1002.jpeg,Eyelid,246.jpeg,Eyelid
1003,1003.jpeg,Eyelid,247.jpeg,Eyelid
1004,1004.jpeg,Eyelid,249.jpeg,Eyelid
1005,1005.jpeg,Eyelid,251.jpeg,Eyelid
1006,1006.jpeg,Eyelid,252.jpeg,Eyelid
1007,1007.jpeg,Eyelid,254.jpeg,Eyelid
1008,1008.jpeg,Eyelid,255.jpeg,Eyelid
1009,1009.jpeg,Eyelid,257.jpeg,Eyelid
1010,1010.jpeg,Eyelid,258.jpeg,Eyelid
1011,1011.jpeg,Eyelid,26.jpeg,Eyelid
1012,1012.jpeg,Eyelid,260.jpeg,Eyelid
1013,1013.jpeg,Eyelid,262.jpeg,Eyelid
1014,1014.jpeg,Eyelid,264.jpeg,Eyelid
1015,1015.jpeg,Eyelid,265.jpeg,Eyelid
1016,1016.jpeg,Eyelid,266.jpeg,Eyelid
1017,1017.jpeg,Eyelid,269.jpeg,Eyelid
1018,1018.jpeg,Eyelid,27.jpeg,Eyelid
1019,1019.jpeg,Eyelid,273.jpeg,Eyelid
1020,1020.jpeg,Eyelid,275.jpeg,Eyelid
1021,1021.jpeg,Eyelid,277.jpeg,Eyelid
1022,1022.jpeg,Eyelid,279.jpeg,Eyelid
1023,1023.jpeg,Eyelid,28.jpeg,Eyelid
1024,1024.jpeg,Eyelid,280.jpeg,Eyelid
1025,1025.jpeg,Eyelid,283.jpeg,Eyelid
1026,1026.jpeg,Eyelid,284.jpeg,Eyelid
1027,1027.jpeg,Eyelid,285.jpeg,Eyelid
1028,1028.jpeg,Eyelid,286.jpeg,Eyelid
1029,1029.jpeg,Eyelid,288.jpeg,Eyelid
1030,1030.jpeg,Eyelid,291.jpeg,Eyelid
1031,1031.jpeg,Eyelid,295.jpeg,Eyelid
1032,1032.jpeg,Eyelid,296.jpeg,Eyelid
1033,1033.jpeg,Eyelid,297.jpeg,Eyelid
1034,1034.jpeg,Eyelid,3.jpeg,Eyelid
1035,1035.jpeg,Eyelid,300.jpeg,Eyelid
1036,1036.jpeg,Eyelid,301.jpeg,Eyelid
1037,1037.jpeg,Eyelid,302.jpeg,Eyelid
1038,1038.jpeg,Eyelid,304.jpeg,Eyelid
1039,1039.jpeg,Eyelid,305.jpeg,Eyelid
1040,1040.jpeg,Eyelid,306.jpeg,Eyelid
1041,1041.jpeg,Eyelid,307.jpeg,Eyelid
1042,1042.jpeg,Eyelid,311.jpeg,Eyelid
1043,1043.jpeg,Eyelid,312.jpeg,Eyelid
1044,1044.jpeg,Eyelid,313.jpeg,Eyelid
1045,1045.jpeg,Eyelid,314.jpeg,Eyelid
1046,1046.jpeg,Eyelid,315.jpeg,Eyelid
1047,1047.jpeg,Eyelid,316.jpeg,Eyelid
1048,1048.jpeg,Eyelid,317.jpeg,Eyelid
1049,1049.jpeg,Eyelid,318.jpeg,Eyelid
1050,1050.jpeg,Eyelid,319.jpeg,Eyelid
1051,1051.jpeg,Eyelid,320.jpeg,Eyelid
1052,1052.jpeg,Eyelid,321.jpeg,Eyelid
1053,1053.jpeg,Eyelid,326.jpeg,Eyelid
1054,1054.jpeg,Eyelid,328.jpeg,Eyelid
1055,1055.jpeg,Eyelid,33.jpeg,Eyelid
1056,1056.jpeg,Eyelid,334.jpeg,Eyelid
1057,1057.jpeg,Eyelid,335.jpeg,Eyelid
1058,1058.jpeg,Eyelid,339.jpeg,Eyelid
1059,1059.jpeg,Eyelid,343.jpeg,Eyelid
1060,1060.jpeg,Eyelid,347.jpeg,Eyelid
1061,1061.jpeg,Eyelid,349.jpeg,Eyelid
1062,1062.jpeg,Eyelid,350.jpeg,Eyelid
1063,1063.jpeg,Eyelid,351.jpeg,Eyelid
1064,1064.jpeg,Eyelid,354.jpeg,Eyelid
1065,1065.jpeg,Eyelid,355.jpeg,Eyelid
1066,1066.jpeg,Eyelid,358.jpeg,Eyelid
1067,1067.jpeg,Eyelid,36.jpeg,Eyelid
1068,1068.jpeg,Eyelid,363.jpeg,Eyelid
1069,1069.jpeg,Eyelid,364.jpeg,Eyelid
1070,1070.jpeg,Eyelid,365.jpeg,Eyelid
1071,1071.jpeg,Eyelid,366.jpeg,Eyelid
1072,1072.jpeg,Eyelid,367.jpeg,Eyelid
1073,1073.jpeg,Eyelid,368.jpeg,Eyelid
1074,1074.jpeg,Eyelid,369.jpeg,Eyelid
1075,1075.jpeg,Eyelid,37.jpeg,Eyelid
1076,1076.jpeg,Eyelid,370.jpeg,Eyelid
1077,1077.jpeg,Eyelid,371.jpeg,Eyelid
1078,1078.jpeg,Eyelid,372.jpeg,Eyelid
1079,1079.jpeg,Eyelid,373.jpeg,Eyelid
1080,1080.jpeg,Eyelid,374.jpeg,Eyelid
1081,1081.jpeg,Eyelid,375.jpeg,Eyelid
1082,1082.jpeg,Eyelid,379.jpeg,Eyelid
1083,1083.jpeg,Eyelid,381.jpeg,Eyelid
1084,1084.jpeg,Eyelid,383.jpeg,Eyelid
1085,1085.jpeg,Eyelid,385.jpeg,Eyelid
1086,1086.jpeg,Eyelid,387.jpeg,Eyelid
1087,1087.jpeg,Eyelid,389.jpeg,Eyelid
1088,1088.jpeg,Eyelid,39.jpeg,Eyelid
1089,1089.jpeg,Eyelid,390.jpeg,Eyelid
1090,1090.jpeg,Eyelid,392.jpeg,Eyelid
1091,1091.jpeg,Eyelid,394.jpeg,Eyelid
1092,1092.jpeg,Eyelid,396.jpeg,Eyelid
1093,1093.jpeg,Eyelid,397.jpeg,Eyelid
1094,1094.jpeg,Eyelid,398.jpeg,Eyelid
1095,1095.jpeg,Eyelid,399.jpeg,Eyelid
1096,1096.jpeg,Eyelid,400.jpeg,Eyelid
1097,1097.jpeg,Eyelid,401.jpeg,Eyelid
1098,1098.jpeg,Eyelid,402.jpeg,Eyelid
1099,1099.jpeg,Eyelid,403.jpeg,Eyelid
1100,1100.jpeg,Eyelid,406.jpeg,Eyelid
1101,1101.jpeg,Eyelid,407.jpeg,Eyelid
1102,1102.jpeg,Eyelid,408.jpeg,Eyelid
1103,1103.jpeg,Eyelid,409.jpeg,Eyelid
1104,1104.jpeg,Eyelid,410.jpeg,Eyelid
1105,1105.jpeg,Eyelid,411.jpeg,Eyelid
1106,1106.jpeg,Eyelid,412.jpeg,Eyelid
1107,1107.jpeg,Eyelid,413.jpeg,Eyelid
1108,1108.jpeg,Eyelid,414.jpeg,Eyelid
1109,1109.jpeg,Eyelid,415.jpeg,Eyelid
1110,1110.jpeg,Eyelid,417.jpeg,Eyelid
1111,1111.jpeg,Eyelid,43.jpeg,Eyelid
1112,1112.jpeg,Eyelid,433.jpeg,Eyelid
1113,1113.jpeg,Eyelid,434.jpeg,Eyelid
1114,1114.jpeg,Eyelid,435.jpeg,Eyelid
1115,1115.jpeg,Eyelid,436.jpeg,Eyelid
1116,1116.jpeg,Eyelid,441.jpeg,Eyelid
1117,1117.jpeg,Eyelid,442.jpeg,Eyelid
1118,1118.jpeg,Eyelid,443.jpeg,Eyelid
1119,1119.jpeg,Eyelid,445.jpeg,Eyelid
1120,1120.jpeg,Eyelid,446.jpeg,Eyelid
1121,1121.jpeg,Eyelid,45.jpeg,Eyelid
1122,1122.jpeg,Eyelid,450.jpeg,Eyelid
1123,1123.jpeg,Eyelid,451.jpeg,Eyelid
1124,1124.jpeg,Eyelid,452.jpeg,Eyelid
1125,1125.jpeg,Eyelid,453.jpeg,Eyelid
1126,1126.jpeg,Eyelid,458.jpeg,Eyelid
1127,1127.jpeg,Eyelid,462.jpeg,Eyelid
1128,1128.jpeg,Eyelid,465.jpeg,Eyelid
1129,1129.jpeg,Eyelid,466.jpeg,Eyelid
1130,1130.jpeg,Eyelid,468.jpeg,Eyelid
1131,1131.jpeg,Eyelid,469.jpeg,Eyelid
1132,1132.jpeg,Eyelid,470.jpeg,Eyelid
1133,1133.jpeg,Eyelid,471.jpeg,Eyelid
1134,1134.jpeg,Eyelid,473.jpeg,Eyelid
1135,1135.jpeg,Eyelid,474.jpeg,Eyelid
1136,1136.jpeg,Eyelid,475.jpeg,Eyelid
1137,1137.jpeg,Eyelid,477.jpeg,Eyelid
1138,1138.jpeg,Eyelid,480.jpeg,Eyelid
1139,1139.jpeg,Eyelid,482.jpeg,Eyelid
1140,1140.jpeg,Eyelid,494.jpeg,Eyelid
1141,1141.jpeg,Eyelid,496.jpeg,Eyelid
1142,1142.jpeg,Eyelid,497.jpeg,Eyelid
1143,1143.jpeg,Eyelid,498.jpeg,Eyelid
1144,1144.jpeg,Eyelid,499.jpeg,Eyelid
1145,1145.jpeg,Eyelid,51.jpeg,Eyelid
1146,1146.jpeg,Eyelid,512.jpeg,Eyelid
1147,1147.jpeg,Eyelid,515.jpeg,Eyelid
1148,1148.jpeg,Eyelid,520.jpeg,Eyelid
1149,1149.jpeg,Eyelid,522.jpeg,Eyelid
1150,1150.jpeg,Eyelid,526.jpeg,Eyelid
1151,1151.jpeg,Eyelid,527.jpeg,Eyelid
1152,1152.jpeg,Eyelid,528.jpeg,Eyelid
1153,1153.jpeg,Eyelid,529.jpeg,Eyelid
1154,1154.jpeg,Eyelid,53.jpeg,Eyelid
1155,1155.jpeg,Eyelid,530.jpeg,Eyelid
1156,1156.jpeg,Eyelid,531.jpeg,Eyelid
1157,1157.jpeg,Eyelid,532.jpeg,Eyelid
1158,1158.jpeg,Eyelid,536.jpeg,Eyelid
1159,1159.jpeg,Eyelid,537.jpeg,Eyelid
1160,1160.jpeg,Eyelid,538.jpeg,Eyelid
1161,1161.jpeg,Eyelid,539.jpeg,Eyelid
1162,1162.jpeg,Eyelid,54.jpeg,Eyelid
1163,1163.jpeg,Eyelid,540.jpeg,Eyelid
1164,1164.jpeg,Eyelid,541.jpeg,Eyelid
1165,1165.jpeg,Eyelid,542.jpeg,Eyelid
1166,1166.jpeg,Eyelid,547.jpeg,Eyelid
1167,1167.jpeg,Eyelid,559.jpeg,Eyelid
1168,1168.jpeg,Eyelid,560.jpeg,Eyelid
1169,1169.jpeg,Eyelid,569.jpeg,Eyelid
1170,1170.jpeg,Eyelid,570.jpeg,Eyelid
1171,1171.jpeg,Eyelid,575.jpeg,Eyelid
1172,1172.jpeg,Eyelid,579.jpeg,Eyelid
1173,1173.jpeg,Eyelid,581.jpeg,Eyelid
1174,1174.jpeg,Eyelid,588.jpeg,Eyelid
1175,1175.jpeg,Eyelid,592.jpeg,Eyelid
1176,1176.jpeg,Eyelid,593.jpeg,Eyelid
1177,1177.jpeg,Eyelid,595.jpeg,Eyelid
1178,1178.jpeg,Eyelid,596.jpeg,Eyelid
1179,1179.jpeg,Eyelid,598.jpeg,Eyelid
1180,1180.jpeg,Eyelid,599.jpeg,Eyelid
1181,1181.jpeg,Eyelid,600.jpeg,Eyelid
1182,1182.jpeg,Eyelid,603.jpeg,Eyelid
1183,1183.jpeg,Eyelid,604.jpeg,Eyelid
1184,1184.jpeg,Eyelid,605.jpeg,Eyelid
1185,1185.jpeg,Eyelid,606.jpeg,Eyelid
1186,1186.jpeg,Eyelid,607.jpeg,Eyelid
1187,1187.jpeg,Eyelid,608.jpeg,Eyelid
1188,1188.jpeg,Eyelid,610.jpeg,Eyelid
1189,1189.jpeg,Eyelid,611.jpeg,Eyelid
1190,1190.jpeg,Eyelid,612.jpeg,Eyelid
1191,1191.jpeg,Eyelid,613.jpeg,Eyelid
1192,1192.jpeg,Eyelid,614.jpeg,Eyelid
1193,1193.jpeg,Eyelid,615.jpeg,Eyelid
1194,1194.jpeg,Eyelid,619.jpeg,Eyelid
1195,1195.jpeg,Eyelid,625.jpeg,Eyelid
1196,1196.jpeg,Eyelid,626.jpeg,Eyelid
1197,1197.jpeg,Eyelid,630.jpeg,Eyelid
1198,1198.jpeg,Eyelid,635.jpeg,Eyelid
1199,1199.jpeg,Eyelid,637.jpeg,Eyelid
1200,1200.jpeg,Eyelid,644.jpeg,Eyelid
1201,1201.jpeg,Eyelid,648.jpeg,Eyelid
1202,1202.jpeg,Eyelid,65.jpeg,Eyelid
1203,1203.jpeg,Eyelid,652.jpeg,Eyelid
1204,1204.jpeg,Eyelid,654.jpeg,Eyelid
1205,1205.jpeg,Eyelid,657.jpeg,Eyelid
1206,1206.jpeg,Eyelid,66.jpeg,Eyelid
1207,1207.jpeg,Eyelid,661.jpeg,Eyelid
1208,1208.jpeg,Eyelid,667.jpeg,Eyelid
1209,1209.jpeg,Eyelid,668.jpeg,Eyelid
1210,1210.jpeg,Eyelid,669.jpeg,Eyelid
1211,1211.jpeg,Eyelid,674.jpeg,Eyelid
1212,1212.jpeg,Eyelid,675.jpeg,Eyelid
1213,1213.jpeg,Eyelid,676.jpeg,Eyelid
1214,1214.jpeg,Eyelid,678.jpeg,Eyelid
1215,1215.jpeg,Eyelid,679.jpeg,Eyelid
1216,1216.jpeg,Eyelid,680.jpeg,Eyelid
1217,1217.jpeg,Eyelid,683.jpeg,Eyelid
1218,1218.jpeg,Eyelid,684.jpeg,Eyelid
1219,1219.jpeg,Eyelid,688.jpeg,Eyelid
1220,1220.jpeg,Eyelid,69.jpeg,Eyelid
1221,1221.jpeg,Eyelid,690.jpeg,Eyelid
1222,1222.jpeg,Eyelid,697.jpeg,Eyelid
1223,1223.jpeg,Eyelid,699.jpeg,Eyelid
1224,1224.jpeg,Eyelid,70.jpeg,Eyelid
1225,1225.jpeg,Eyelid,717.jpeg,Eyelid
1226,1226.jpeg,Eyelid,732.jpeg,Eyelid
1227,1227.jpeg,Eyelid,740.jpeg,Eyelid
1228,1228.jpeg,Eyelid,741.jpeg,Eyelid
1229,1229.jpeg,Eyelid,742.jpeg,Eyelid
1230,1230.jpeg,Eyelid,746.jpeg,Eyelid
1231,1231.jpeg,Eyelid,748.jpeg,Eyelid
1232,1232.jpeg,Eyelid,751.jpeg,Eyelid
1233,1233.jpeg,Eyelid,753.jpeg,Eyelid
1234,1234.jpeg,Eyelid,754.jpeg,Eyelid
1235,1235.jpeg,Eyelid,755.jpeg,Eyelid
1236,1236.jpeg,Eyelid,761.jpeg,Eyelid
1237,1237.jpeg,Eyelid,764.jpeg,Eyelid
1238,1238.jpeg,Eyelid,767.jpeg,Eyelid
1239,1239.jpeg,Eyelid,768.jpeg,Eyelid
1240,1240.jpeg,Eyelid,769.jpeg,Eyelid
1241,1241.jpeg,Eyelid,770.jpeg,Eyelid
1242,1242.jpeg,Eyelid,771.jpeg,Eyelid
1243,1243.jpeg,Eyelid,773.jpeg,Eyelid
1244,1244.jpeg,Eyelid,774.jpeg,Eyelid
1245,1245.jpeg,Eyelid,775.jpeg,Eyelid
1246,1246.jpeg,Eyelid,776.jpeg,Eyelid
1247,1247.jpeg,Eyelid,778.jpeg,Eyelid
1248,1248.jpeg,Eyelid,793.jpeg,Eyelid
1249,1249.jpeg,Eyelid,799.jpeg,Eyelid
1250,1250.jpeg,Eyelid,80.jpeg,Eyelid
1251,1251.jpeg,Eyelid,801.jpeg,Eyelid
1252,1252.jpeg,Eyelid,807.jpeg,Eyelid
1253,1253.jpeg,Eyelid,809.jpeg,Eyelid
1254,1254.jpeg,Eyelid,815.jpeg,Eyelid
1255,1255.jpeg,Eyelid,818.jpeg,Eyelid
1256,1256.jpeg,Eyelid,821.jpeg,Eyelid
1257,1257.jpeg,Eyelid,824.jpeg,Eyelid
1258,1258.jpeg,Eyelid,831.jpeg,Eyelid
1259,1259.jpeg,Eyelid,832.jpeg,Eyelid
1260,1260.jpeg,Eyelid,833.jpeg,Eyelid
1261,1261.jpeg,Eyelid,835.jpeg,Eyelid
1262,1262.jpeg,Eyelid,836.jpeg,Eyelid
1263,1263.jpeg,Eyelid,837.jpeg,Eyelid
1264,1264.jpeg,Eyelid,839.jpeg,Eyelid
1265,1265.jpeg,Eyelid,840.jpeg,Eyelid
1266,1266.jpeg,Eyelid,841.jpeg,Eyelid
1267,1267.jpeg,Eyelid,842.jpeg,Eyelid
1268,1268.jpeg,Eyelid,843.jpeg,Eyelid
1269,1269.jpeg,Eyelid,844.jpeg,Eyelid
1270,1270.jpeg,Eyelid,847.jpeg,Eyelid
1271,1271.jpeg,Eyelid,848.jpeg,Eyelid
1272,1272.jpeg,Eyelid,85.jpeg,Eyelid
1273,1273.jpeg,Eyelid,850.jpeg,Eyelid
1274,1274.jpeg,Eyelid,851.jpeg,Eyelid
1275,1275.jpeg,Eyelid,852.jpeg,Eyelid
1276,1276.jpeg,Eyelid,854.jpeg,Eyelid
1277,1277.jpeg,Eyelid,855.jpeg,Eyelid
1278,1278.jpeg,Eyelid,856.jpeg,Eyelid
1279,1279.jpeg,Eyelid,857.jpeg,Eyelid
1280,1280.jpeg,Eyelid,858.jpeg,Eyelid
1281,1281.jpeg,Eyelid,859.jpeg,Eyelid
1282,1282.jpeg,Eyelid,860.jpeg,Eyelid
1283,1283.jpeg,Eyelid,863.jpeg,Eyelid
1284,1284.jpeg,Eyelid,864.jpeg,Eyelid
1285,1285.jpeg,Eyelid,866.jpeg,Eyelid
1286,1286.jpeg,Eyelid,868.jpeg,Eyelid
1287,1287.jpeg,Eyelid,869.jpeg,Eyelid
1288,1288.jpeg,Eyelid,870.jpeg,Eyelid
1289,1289.jpeg,Eyelid,871.jpeg,Eyelid
1290,1290.jpeg,Eyelid,873.jpeg,Eyelid
1291,1291.jpeg,Eyelid,878.jpeg,Eyelid
1292,1292.jpeg,Eyelid,884.jpeg,Eyelid
1293,1293.jpeg,Eyelid,885.jpeg,Eyelid
1294,1294.jpeg,Eyelid,886.jpeg,Eyelid
1295,1295.jpeg,Eyelid,887.jpeg,Eyelid
1296,1296.jpeg,Eyelid,890.jpeg,Eyelid
1297,1297.jpeg,Eyelid,893.jpeg,Eyelid
1298,1298.jpeg,Eyelid,896.jpeg,Eyelid
1299,1299.jpeg,Eyelid,897.jpeg,Eyelid
1300,1300.jpeg,Eyelid,898.jpeg,Eyelid
1301,1301.jpeg,Eyelid,90.jpeg,Eyelid
1302,1302.jpeg,Eyelid,900.jpeg,Eyelid
1303,1303.jpeg,Eyelid,903.jpeg,Eyelid
1304,1304.jpeg,Eyelid,906.jpeg,Eyelid
1305,1305.jpeg,Eyelid,907.jpeg,Eyelid
1306,1306.jpeg,Eyelid,910.jpeg,Eyelid
1307,1307.jpeg,Eyelid,912.jpeg,Eyelid
1308,1308.jpeg,Eyelid,913.jpeg,Eyelid
1309,1309.jpeg,Eyelid,915.jpeg,Eyelid
1310,1310.jpeg,Eyelid,918.jpeg,Eyelid
1311,1311.jpeg,Eyelid,919.jpeg,Eyelid
1312,1312.jpeg,Eyelid,920.jpeg,Eyelid
1313,1313.jpeg,Eyelid,922.jpeg,Eyelid
1314,1314.jpeg,Eyelid,924.jpeg,Eyelid
1315,1315.jpeg,Eyelid,937.jpeg,Eyelid
1316,1316.jpeg,Eyelid,94.jpeg,Eyelid
1317,1317.jpeg,Eyelid,943.jpeg,Eyelid
1318,1318.jpeg,Eyelid,946.jpeg,Eyelid
1319,1319.jpeg,Eyelid,949.jpeg,Eyelid
1320,1320.jpeg,Eyelid,95.jpeg,Eyelid
1321,1321.jpeg,Eyelid,951.jpeg,Eyelid
1322,1322.jpeg,Eyelid,953.jpeg,Eyelid
1323,1323.jpeg,Eyelid,955.jpeg,Eyelid
1324,1324.jpeg,Eyelid,958.jpeg,Eyelid
1325,1325.jpeg,Eyelid,959.jpeg,Eyelid
1326,1326.jpeg,Eyelid,960.jpeg,Eyelid
1327,1327.jpeg,Eyelid,963.jpeg,Eyelid
1328,1328.jpeg,Eyelid,965.jpeg,Eyelid
1329,1329.jpeg,Eyelid,966.jpeg,Eyelid
1330,1330.jpeg,Eyelid,968.jpeg,Eyelid
1331,1331.jpeg,Eyelid,97.jpeg,Eyelid
1332,1332.jpeg,Eyelid,971.jpeg,Eyelid
1333,1333.jpeg,Eyelid,972.jpeg,Eyelid
1334,1334.jpeg,Eyelid,973.jpeg,Eyelid
1335,1335.jpeg,Eyelid,977.jpeg,Eyelid
1336,1336.jpeg,Eyelid,979.jpeg,Eyelid
1337,1337.jpeg,Eyelid,982.jpeg,Eyelid
1338,1338.jpeg,Eyelid,987.jpeg,Eyelid
1339,1339.jpeg,Eyelid,988.jpeg,Eyelid
1340,1340.jpeg,Eyelid,992.jpeg,Eyelid
1341,1341.jpeg,Eyelid,993.jpeg,Eyelid
1342,1342.jpeg,Eyelid,994.jpeg,Eyelid
1343,1343.jpg,Eyelid,aug_884.jpg,Eyelid
1344,1344.jpg,Eyelid,aug_885.jpg,Eyelid
1345,1345.jpg,Eyelid,aug_886.jpg,Eyelid
1346,1346.jpg,Eyelid,aug_887.jpg,Eyelid
1347,1347.jpg,Eyelid,aug_888.jpg,Eyelid
1348,1348.jpg,Eyelid,aug_889.jpg,Eyelid
1349,1349.jpg,Eyelid,aug_893.jpg,Eyelid
1350,1350.jpg,Eyelid,aug_894.jpg,Eyelid
1351,1351.jpg,Eyelid,aug_895.jpg,Eyelid
1352,1352.jpg,Eyelid,aug_896.jpg,Eyelid
1353,1353.jpg,Eyelid,aug_898.jpg,Eyelid
1354,1354.jpg,Eyelid,aug_901.jpg,Eyelid
1355,1355.jpg,Eyelid,aug_902.jpg,Eyelid
1356,1356.jpg,Eyelid,aug_903.jpg,Eyelid
1357,1357.jpg,Eyelid,aug_904.jpg,Eyelid
1358,1358.jpg,Eyelid,aug_905.jpg,Eyelid
1359,1359.jpg,Eyelid,aug_906.jpg,Eyelid
1360,1360.jpg,Eyelid,aug_907.jpg,Eyelid
1361,1361.jpg,Eyelid,aug_908.jpg,Eyelid
1362,1362.jpg,Eyelid,aug_910.jpg,Eyelid
1363,1363.jpg,Eyelid,aug_911.jpg,Eyelid
1364,1364.jpg,Eyelid,aug_912.jpg,Eyelid
1365,1365.jpg,Eyelid,aug_913.jpg,Eyelid
1366,1366.jpg,Eyelid,aug_915.jpg,Eyelid
1367,1367.jpg,Eyelid,aug_916.jpg,Eyelid
1368,1368.jpg,Eyelid,aug_917.jpg,Eyelid
1369,1369.jpg,Eyelid,aug_918.jpg,Eyelid
1370,1370.jpg,Eyelid,aug_919.jpg,Eyelid
1371,1371.jpg,Eyelid,aug_922.jpg,Eyelid
1372,1372.jpg,Eyelid,aug_924.jpg,Eyelid
1373,1373.jpg,Eyelid,aug_925.jpg,Eyelid
1374,1374.jpg,Eyelid,aug_926.jpg,Eyelid
1375,1375.jpg,Eyelid,aug_929.jpg,Eyelid
1376,1376.jpg,Eyelid,aug_930.jpg,Eyelid
1377,1377.jpg,Eyelid,aug_931.jpg,Eyelid
1378,1378.jpg,Eyelid,aug_932.jpg,Eyelid
1379,1379.jpg,Eyelid,aug_934.jpg,Eyelid
1380,1380.jpg,Eyelid,aug_936.jpg,Eyelid
1381,1381.jpg,Eyelid,aug_937.jpg,Eyelid
1382,1382.jpg,Eyelid,aug_938.jpg,Eyelid
1383,1383.jpg,Eyelid,aug_942.jpg,Eyelid
1384,1384.jpg,Eyelid,aug_945.jpg,Eyelid
1385,1385.jpg,Eyelid,aug_946.jpg,Eyelid
1386,1386.jpg,Eyelid,aug_947.jpg,Eyelid
1387,1387.jpg,Eyelid,aug_948.jpg,Eyelid
1388,1388.jpg,Eyelid,aug_949.jpg,Eyelid
1389,1389.jpg,Eyelid,aug_950.jpg,Eyelid
1390,1390.jpg,Eyelid,aug_953.jpg,Eyelid
1391,1391.jpg,Eyelid,aug_954.jpg,Eyelid
1392,1392.jpg,Eyelid,aug_955.jpg,Eyelid
1393,1393.jpg,Eyelid,aug_956.jpg,Eyelid
1394,1394.jpg,Eyelid,aug_957.jpg,Eyelid
1395,1395.jpg,Eyelid,aug_958.jpg,Eyelid
1396,1396.jpg,Eyelid,aug_959.jpg,Eyelid
1397,1397.jpg,Eyelid,aug_960.jpg,Eyelid
1398,1398.jpg,Eyelid,aug_961.jpg,Eyelid
1399,1399.jpg,Eyelid,aug_962.jpg,Eyelid
1400,1400.jpg,Eyelid,aug_963.jpg,Eyelid
1401,1401.jpg,Eyelid,aug_964.jpg,Eyelid
1402,1402.jpg,Eyelid,aug_966.jpg,Eyelid
1403,1403.jpg,Eyelid,aug_967.jpg,Eyelid
1404,1404.jpg,Eyelid,aug_968.jpg,Eyelid
1405,1405.jpg,Eyelid,aug_969.jpg,Eyelid
1406,1406.jpg,Eyelid,aug_970.jpg,Eyelid
1407,1407.jpg,Eyelid,aug_971.jpg,Eyelid
1408,1408.jpg,Eyelid,aug_972.jpg,Eyelid
1409,1409.jpg,Eyelid,aug_975.jpg,Eyelid
1410,1410.jpg,Eyelid,aug_976.jpg,Eyelid
1411,1411.jpg,Eyelid,aug_977.jpg,Eyelid
1412,1412.jpg,Eyelid,aug_978.jpg,Eyelid
1413,1413.jpg,Eyelid,aug_979.jpg,Eyelid
1414,1414.jpg,Eyelid,aug_980.jpg,Eyelid
1415,1415.jpg,Eyelid,aug_982.jpg,Eyelid
1416,1416.jpg,Eyelid,aug_983.jpg,Eyelid
1417,1417.jpg,Eyelid,aug_986.jpg,Eyelid
1418,1418.jpg,Eyelid,aug_987.jpg,Eyelid
1419,1419.jpg,Eyelid,aug_988.jpg,Eyelid
1420,1420.jpg,Eyelid,aug_989.jpg,Eyelid
1421,1421.jpg,Eyelid,aug_990.jpg,Eyelid
1422,1422.jpg,Eyelid,aug_992.jpg,Eyelid
1423,1423.jpg,Eyelid,aug_995.jpg,Eyelid
1424,1424.jpg,Eyelid,aug_996.jpg,Eyelid
1425,1425.jpg,Eyelid,aug_997.jpg,Eyelid
1426,1426.jpg,Eyelid,aug_998.jpg,Eyelid
1427,1427.jpg,Normal,100.jpg,Normal
1428,1428.jpg,Normal,101.jpg,Normal
1429,1429.jpg,Normal,102.jpg,Normal
1430,1430.jpg,Normal,103.jpg,Normal
1431,1431.jpg,Normal,104.jpg,Normal
1432,1432.jpg,Normal,105.jpg,Normal
1433,1433.jpg,Normal,106.jpg,Normal
1434,1434.jpg,Normal,107.jpg,Normal
1435,1435.jpg,Normal,108.jpg,Normal
1436,1436.jpg,Normal,109.jpg,Normal
1437,1437.jpg,Normal,11.jpg,Normal
1438,1438.jpg,Normal,110.jpg,Normal
1439,1439.jpg,Normal,111.jpg,Normal
1440,1440.jpg,Normal,112.jpg,Normal
1441,1441.jpg,Normal,113.jpg,Normal
1442,1442.jpg,Normal,12.jpg,Normal
1443,1443.jpg,Normal,120.jpg,Normal
1444,1444.jpg,Normal,121.jpg,Normal
1445,1445.jpg,Normal,124.jpg,Normal
1446,1446.jpg,Normal,125.jpg,Normal
1447,1447.jpg,Normal,126.jpg,Normal
1448,1448.jpg,Normal,127.jpg,Normal
1449,1449.jpg,Normal,128.jpg,Normal
1450,1450.jpg,Normal,13.jpg,Normal
1451,1451.jpg,Normal,131.jpg,Normal
1452,1452.jpg,Normal,132.jpg,Normal
1453,1453.jpg,Normal,133.jpg,Normal
1454,1454.jpg,Normal,134.jpg,Normal
1455,1455.jpg,Normal,135.jpg,Normal
1456,1456.jpg,Normal,136.jpg,Normal
1457,1457.jpg,Normal,137.jpg,Normal
1458,1458.jpg,Normal,138.jpg,Normal
1459,1459.jpg,Normal,139.jpg,Normal
1460,1460.jpg,Normal,14.jpg,Normal
1461,1461.jpg,Normal,140.jpg,Normal
1462,1462.jpg,Normal,141.jpg,Normal
1463,1463.jpg,Normal,142.jpg,Normal
1464,1464.jpg,Normal,143.jpg,Normal
1465,1465.jpg,Normal,144.jpg,Normal
1466,1466.jpg,Normal,145.jpg,Normal
1467,1467.jpg,Normal,146.jpg,Normal
1468,1468.jpg,Normal,147.jpg,Normal
1469,1469.jpg,Normal,148.jpg,Normal
1470,1470.jpg,Normal,149.jpg,Normal
1471,1471.jpg,Normal,15.jpg,Normal
1472,1472.jpg,Normal,150.jpg,Normal
1473,1473.jpg,Normal,151.jpg,Normal
1474,1474.jpg,Normal,152.jpg,Normal
1475,1475.jpg,Normal,153.jpg,Normal
1476,1476.jpg,Normal,154.jpg,Normal
1477,1477.jpg,Normal,155.jpg,Normal
1478,1478.jpg,Normal,156.jpg,Normal
1479,1479.jpg,Normal,157.jpg,Normal
1480,1480.jpg,Normal,158.jpg,Normal
1481,1481.jpg,Normal,159.jpg,Normal
1482,1482.jpg,Normal,16.jpg,Normal
1483,1483.jpg,Normal,160.jpg,Normal
1484,1484.jpg,Normal,161.jpg,Normal
1485,1485.jpg,Normal,162.jpg,Normal
1486,1486.jpg,Normal,163.jpg,Normal
1487,1487.jpg,Normal,164.jpg,Normal
1488,1488.jpg,Normal,165.jpg,Normal
1489,1489.jpg,Normal,166.jpg,Normal
1490,1490.jpg,Normal,167.jpg,Normal
1491,1491.jpg,Normal,168.jpg,Normal
1492,1492.jpg,Normal,169.jpg,Normal
1493,1493.jpg,Normal,17.jpg,Normal
1494,1494.jpg,Normal,170.jpg,Normal
1495,1495.jpg,Normal,171.jpg,Normal
1496,1496.jpg,Normal,172.jpg,Normal
1497,1497.jpg,Normal,173.jpg,Normal
1498,1498.jpg,Normal,174.jpg,Normal
1499,1499.jpg,Normal,175.jpg,Normal
1500,1500.jpg,Normal,176.jpg,Normal
1501,1501.jpg,Normal,177.jpg,Normal
1502,1502.jpg,Normal,178.jpg,Normal
1503,1503.jpg,Normal,179.jpg,Normal
1504,1504.jpg,Normal,18.jpg,Normal
1505,1505.jpg,Normal,180.jpg,Normal
1506,1506.jpg,Normal,181.jpg,Normal
1507,1507.jpg,Normal,182.jpg,Normal
1508,1508.jpg,Normal,183.jpg,Normal
1509,1509.jpg,Normal,184.jpg,Normal
1510,1510.jpg,Normal,185.jpg,Normal
1511,1511.jpg,Normal,186.jpg,Normal
1512,1512.jpg,Normal,187.jpg,Normal
1513,1513.jpg,Normal,188.jpg,Normal
1514,1514.jpg,Normal,189.jpg,Normal
1515,1515.jpg,Normal,190.jpg,Normal
1516,1516.jpg,Normal,191.jpg,Normal
1517,1517.jpg,Normal,192.jpg,Normal
1518,1518.jpg,Normal,193.jpg,Normal
1519,1519.jpg,Normal,194.jpg,Normal
1520,1520.jpg,Normal,195.jpg,Normal
1521,1521.jpg,Normal,196.jpg,Normal
1522,1522.jpg,Normal,197.jpg,Normal
1523,1523.jpg,Normal,198.jpg,Normal
1524,1524.jpg,Normal,199.jpg,Normal
1525,1525.jpg,Normal,20.jpg,Normal
1526,1526.jpg,Normal,200.jpg,Normal
1527,1527.jpg,Normal,201.jpg,Normal
1528,1528.jpg,Normal,202.jpg,Normal
1529,1529.jpg,Normal,203.jpg,Normal
1530,1530.jpg,Normal,204.jpg,Normal
1531,1531.jpg,Normal,205.jpg,Normal
1532,1532.jpg,Normal,206.jpg,Normal
1533,1533.jpg,Normal,207.jpg,Normal
1534,1534.jpg,Normal,208.jpg,Normal
1535,1535.jpg,Normal,209.jpg,Normal
1536,1536.jpg,Normal,21.jpg,Normal
1537,1537.jpg,Normal,210.jpg,Normal
1538,1538.jpg,Normal,211.jpg,Normal
1539,1539.jpg,Normal,212.jpg,Normal
1540,1540.jpg,Normal,213.jpg,Normal
1541,1541.jpg,Normal,214.jpg,Normal
1542,1542.jpg,Normal,215.jpg,Normal
1543,1543.jpg,Normal,216.jpg,Normal
1544,1544.jpg,Normal,217.jpg,Normal
1545,1545.jpg,Normal,218.jpg,Normal
1546,1546.jpg,Normal,219.jpg,Normal
1547,1547.jpg,Normal,220.jpg,Normal
1548,1548.jpg,Normal,221.jpg,Normal
1549,1549.jpg,Normal,222.jpg,Normal
1550,1550.jpg,Normal,223.jpg,Normal
1551,1551.jpg,Normal,224.jpg,Normal
1552,1552.jpg,Normal,225.jpg,Normal
1553,1553.jpg,Normal,226.jpg,Normal
1554,1554.jpg,Normal,227.jpg,Normal
1555,1555.jpg,Normal,228.jpg,Normal
1556,1556.jpg,Normal,229.jpg,Normal
1557,1557.jpg,Normal,230.jpg,Normal
1558,1558.jpg,Normal,231.jpg,Normal
1559,1559.jpg,Normal,232.jpg,Normal
1560,1560.jpg,Normal,233.jpg,Normal
1561,1561.jpg,Normal,234.jpg,Normal
1562,1562.jpg,Normal,235.jpg,Normal
1563,1563.jpg,Normal,236.jpg,Normal
1564,1564.jpg,Normal,237.jpg,Normal
1565,1565.jpg,Normal,238.jpg,Normal
1566,1566.jpg,Normal,239.jpg,Normal
1567,1567.jpg,Normal,24.jpg,Normal
1568,1568.jpg,Normal,240.jpg,Normal
1569,1569.jpg,Normal,241.jpg,Normal
1570,1570.jpg,Normal,242.jpg,Normal
1571,1571.jpg,Normal,243.jpg,Normal
1572,1572.jpg,Normal,244.jpg,Normal
1573,1573.jpg,Normal,245.jpg,Normal
1574,1574.jpg,Normal,246.jpg,Normal
1575,1575.jpg,Normal,247.jpg,Normal
1576,1576.jpg,Normal,248.jpg,Normal
1577,1577.jpg,Normal,249.jpg,Normal
1578,1578.jpg,Normal,25.jpg,Normal
1579,1579.jpg,Normal,250.jpg,Normal
1580,1580.jpg,Normal,251.jpg,Normal
1581,1581.jpg,Normal,252.jpg,Normal
1582,1582.jpg,Normal,253.jpg,Normal
1583,1583.jpg,Normal,254.jpg,Normal
1584,1584.jpg,Normal,255.jpg,Normal
1585,1585.jpg,Normal,256.jpg,Normal
1586,1586.jpg,Normal,257.jpg,Normal
1587,1587.jpg,Normal,258.jpg,Normal
1588,1588.jpg,Normal,259.jpg,Normal
1589,1589.jpg,Normal,26.jpg,Normal
1590,1590.jpg,Normal,260.jpg,Normal
1591,1591.jpg,Normal,261.jpg,Normal
1592,1592.jpg,Normal,262.jpg,Normal
1593,1593.jpg,Normal,263.jpg,Normal
1594,1594.jpg,Normal,264.jpg,Normal
1595,1595.jpg,Normal,265.jpg,Normal
1596,1596.jpg,Normal,266.jpg,Normal
1597,1597.jpg,Normal,267.jpg,Normal
1598,1598.jpg,Normal,268.jpg,Normal
1599,1599.jpg,Normal,269.jpg,Normal
1600,1600.jpg,Normal,27.jpg,Normal
1601,1601.jpg,Normal,270.jpg,Normal
1602,1602.jpg,Normal,271.jpg,Normal
1603,1603.jpg,Normal,272.jpg,Normal
1604,1604.jpg,Normal,273.jpg,Normal
1605,1605.jpg,Normal,274.jpg,Normal
1606,1606.jpg,Normal,275.jpg,Normal
1607,1607.jpg,Normal,276.jpg,Normal
1608,1608.jpg,Normal,277.jpg,Normal
1609,1609.jpg,Normal,278.jpg,Normal
1610,1610.jpg,Normal,279.jpg,Normal
1611,1611.jpg,Normal,28.jpg,Normal
1612,1612.jpg,Normal,280.jpg,Normal
1613,1613.jpg,Normal,281.jpg,Normal
1614,1614.jpg,Normal,282.jpg,Normal
1615,1615.jpg,Normal,283.jpg,Normal
1616,1616.jpg,Normal,284.jpg,Normal
1617,1617.jpg,Normal,285.jpg,Normal
1618,1618.jpg,Normal,286.jpg,Normal
1619,1619.jpg,Normal,287.jpg,Normal
1620,1620.jpg,Normal,288.jpg,Normal
1621,1621.jpg,Normal,289.jpg,Normal
1622,1622.jpg,Normal,29.jpg,Normal
1623,1623.jpg,Normal,290.jpg,Normal
1624,1624.jpg,Normal,291.jpg,Normal
1625,1625.jpg,Normal,292.jpg,Normal
1626,1626.jpg,Normal,293.jpg,Normal
1627,1627.jpg,Normal,294.jpg,Normal
1628,1628.jpg,Normal,295.jpg,Normal
1629,1629.jpg,Normal,296.jpg,Normal
1630,1630.jpg,Normal,297.jpg,Normal
1631,1631.jpg,Normal,298.jpg,Normal
1632,1632.jpg,Normal,299.jpg,Normal
1633,1633.jpg,Normal,30.jpg,Normal
1634,1634.jpg,Normal,300.jpg,Normal
1635,1635.jpg,Normal,301.jpg,Normal
1636,1636.jpg,Normal,302.jpg,Normal
1637,1637.jpg,Normal,303.jpg,Normal
1638,1638.jpg,Normal,304.jpg,Normal
1639,1639.jpg,Normal,305.jpg,Normal
1640,1640.jpg,Normal,306.jpg,Normal
1641,1641.jpg,Normal,307.jpg,Normal
1642,1642.jpg,Normal,308.jpg,Normal
1643,1643.jpg,Normal,309.jpg,Normal
1644,1644.jpg,Normal,31.jpg,Normal
1645,1645.jpg,Normal,310.jpg,Normal
1646,1646.jpg,Normal,311.jpg,Normal
1647,1647.jpg,Normal,312.jpg,Normal
1648,1648.jpg,Normal,313.jpg,Normal
1649,1649.jpg,Normal,314.jpg,Normal
1650,1650.jpg,Normal,315.jpg,Normal
1651,1651.jpg,Normal,316.jpg,Normal
1652,1652.jpg,Normal,317.jpg,Normal
1653,1653.jpg,Normal,318.jpg,Normal
1654,1654.jpg,Normal,319.jpg,Normal
1655,1655.jpg,Normal,32.jpg,Normal
1656,1656.jpg,Normal,320.jpg,Normal
1657,1657.jpg,Normal,321.jpg,Normal
1658,1658.jpg,Normal,322.jpg,Normal
1659,1659.jpg,Normal,323.jpg,Normal
1660,1660.jpg,Normal,324.jpg,Normal
1661,1661.jpg,Normal,325.jpg,Normal
1662,1662.jpg,Normal,326.jpg,Normal
1663,1663.jpg,Normal,327.jpg,Normal
1664,1664.jpg,Normal,328.jpg,Normal
1665,1665.jpg,Normal,329.jpg,Normal
1666,1666.jpg,Normal,33.jpg,Normal
1667,1667.jpg,Normal,330.jpg,Normal
1668,1668.jpg,Normal,331.jpg,Normal
1669,1669.jpg,Normal,332.jpg,Normal
1670,1670.jpg,Normal,333.jpg,Normal
1671,1671.jpg,Normal,334.jpg,Normal
1672,1672.jpg,Normal,335.jpg,Normal
1673,1673.jpg,Normal,336.jpg,Normal
1674,1674.jpg,Normal,337.jpg,Normal
1675,1675.jpg,Normal,338.jpg,Normal
1676,1676.jpg,Normal,339.jpg,Normal
1677,1677.jpg,Normal,34.jpg,Normal
1678,1678.jpg,Normal,340.jpg,Normal
1679,1679.jpg,Normal,341.jpg,Normal
1680,1680.jpg,Normal,342.jpg,Normal
1681,1681.jpg,Normal,343.jpg,Normal
1682,1682.jpg,Normal,344.jpg,Normal
1683,1683.jpg,Normal,345.jpg,Normal
1684,1684.jpg,Normal,346.jpg,Normal
1685,1685.jpg,Normal,347.jpg,Normal
1686,1686.jpg,Normal,348.jpg,Normal
1687,1687.jpg,Normal,349.jpg,Normal
1688,1688.jpg,Normal,35.jpg,Normal
1689,1689.jpg,Normal,350.jpg,Normal
1690,1690.jpg,Normal,351.jpg,Normal
1691,1691.jpg,Normal,352.jpg,Normal
1692,1692.jpg,Normal,353.jpg,Normal
1693,1693.jpg,Normal,354.jpg,Normal
1694,1694.jpg,Normal,355.jpg,Normal
1695,1695.jpg,Normal,356.jpg,Normal
1696,1696.jpg,Normal,357.jpg,Normal
1697,1697.jpg,Normal,358.jpg,Normal
1698,1698.jpg,Normal,359.jpg,Normal
1699,1699.jpg,Normal,36.jpg,Normal
1700,1700.jpg,Normal,365.jpg,Normal
1701,1701.jpg,Normal,366.jpg,Normal
1702,1702.jpg,Normal,367.jpg,Normal
1703,1703.jpg,Normal,368.jpg,Normal
1704,1704.jpg,Normal,37.jpg,Normal
1705,1705.jpg,Normal,371.jpg,Normal
1706,1706.jpg,Normal,372.jpg,Normal
1707,1707.jpg,Normal,373.jpg,Normal
1708,1708.jpg,Normal,376.jpg,Normal
1709,1709.jpg,Normal,377.jpg,Normal
1710,1710.jpg,Normal,378.jpg,Normal
1711,1711.jpg,Normal,379.jpg,Normal
1712,1712.jpg,Normal,38.jpg,Normal
1713,1713.jpg,Normal,380.jpg,Normal
1714,1714.jpg,Normal,381.jpg,Normal
1715,1715.jpg,Normal,383.jpg,Normal
1716,1716.jpg,Normal,384.jpg,Normal
1717,1717.jpg,Normal,385.jpg,Normal
1718,1718.jpg,Normal,386.jpg,Normal
1719,1719.jpg,Normal,387.jpg,Normal
1720,1720.jpg,Normal,388.jpg,Normal
1721,1721.jpg,Normal,389.jpg,Normal
1722,1722.jpg,Normal,39.jpg,Normal
1723,1723.jpg,Normal,390.jpg,Normal
1724,1724.jpg,Normal,391.jpg,Normal
1725,1725.jpg,Normal,392.jpg,Normal
1726,1726.jpg,Normal,393.jpg,Normal
1727,1727.jpg,Normal,394.jpg,Normal
1728,1728.jpg,Normal,395.jpg,Normal
1729,1729.jpg,Normal,396.jpg,Normal
1730,1730.jpg,Normal,397.jpg,Normal
1731,1731.jpg,Normal,398.jpg,Normal
1732,1732.jpg,Normal,399.jpg,Normal
1733,1733.jpg,Normal,40.jpg,Normal
1734,1734.jpg,Normal,400.jpg,Normal
1735,1735.jpg,Normal,401.jpg,Normal
1736,1736.jpg,Normal,402.jpg,Normal
1737,1737.jpg,Normal,403.jpg,Normal
1738,1738.jpg,Normal,404.jpg,Normal
1739,1739.jpg,Normal,405.jpg,Normal
1740,1740.jpg,Normal,406.jpg,Normal
1741,1741.jpg,Normal,407.jpg,Normal
1742,1742.jpg,Normal,408.jpg,Normal
1743,1743.jpg,Normal,409.jpg,Normal
1744,1744.jpg,Normal,41.jpg,Normal
1745,1745.jpg,Normal,410.jpg,Normal
1746,1746.jpg,Normal,411.jpg,Normal
1747,1747.jpg,Normal,412.jpg,Normal
1748,1748.jpg,Normal,413.jpg,Normal
1749,1749.jpg,Normal,416.jpg,Normal
1750,1750.jpg,Normal,417.jpg,Normal
1751,1751.jpg,Normal,418.jpg,Normal
1752,1752.jpg,Normal,419.jpg,Normal
1753,1753.jpg,Normal,42.jpg,Normal
1754,1754.jpg,Normal,421.jpg,Normal
1755,1755.jpg,Normal,422.jpg,Normal
1756,1756.jpg,Normal,423.jpg,Normal
1757,1757.jpg,Normal,424.jpg,Normal
1758,1758.jpg,Normal,425.jpg,Normal
1759,1759.jpg,Normal,426.jpg,Normal
1760,1760.jpg,Normal,427.jpg,Normal
1761,1761.jpg,Normal,428.jpg,Normal
1762,1762.jpg,Normal,43.jpg,Normal
1763,1763.jpg,Normal,431.jpg,Normal
1764,1764.jpg,Normal,432.jpg,Normal
1765,1765.jpg,Normal,433.jpg,Normal
1766,1766.jpg,Normal,434.jpg,Normal
1767,1767.jpg,Normal,435.jpg,Normal
1768,1768.jpg,Normal,436.jpg,Normal
1769,1769.jpg,Normal,437.jpg,Normal
1770,1770.jpg,Normal,438.jpg,Normal
1771,1771.jpg,Normal,439.jpg,Normal
1772,1772.jpg,Normal,44.jpg,Normal
1773,1773.jpg,Normal,440.jpg,Normal
1774,1774.jpg,Normal,441.jpg,Normal
1775,1775.jpg,Normal,442.jpg,Normal
1776,1776.jpg,Normal,443.jpg,Normal
1777,1777.jpg,Normal,444.jpg,Normal
1778,1778.jpg,Normal,445.jpg,Normal
1779,1779.jpg,Normal,446.jpg,Normal
1780,1780.jpg,Normal,447.jpg,Normal
1781,1781.jpg,Normal,448.jpg,Normal
1782,1782.jpg,Normal,449.jpg,Normal
1783,1783.jpg,Normal,45.jpg,Normal
1784,1784.jpg,Normal,450.jpg,Normal
1785,1785.jpg,Normal,451.jpg,Normal
1786,1786.jpg,Normal,452.jpg,Normal
1787,1787.jpg,Normal,455.jpg,Normal
1788,1788.jpg,Normal,456.jpg,Normal
1789,1789.jpg,Normal,457.jpg,Normal
1790,1790.jpg,Normal,458.jpg,Normal
1791,1791.jpg,Normal,459.jpg,Normal
1792,1792.jpg,Normal,46.jpg,Normal
1793,1793.jpg,Normal,460.jpg,Normal
1794,1794.jpg,Normal,461.jpg,Normal
1795,1795.jpg,Normal,462.jpg,Normal
1796,1796.jpg,Normal,463.jpg,Normal
1797,1797.jpg,Normal,464.jpg,Normal
1798,1798.jpg,Normal,465.jpg,Normal
1799,1799.jpg,Normal,466.jpg,Normal
1800,1800.jpg,Normal,467.jpg,Normal
1801,1801.jpg,Normal,468.jpg,Normal
1802,1802.jpg,Normal,469.jpg,Normal
1803,1803.jpg,Normal,47.jpg,Normal
1804,1804.jpg,Normal,470.jpg,Normal
1805,1805.jpg,Normal,471.jpg,Normal
1806,1806.jpg,Normal,474.jpg,Normal
1807,1807.jpg,Normal,475.jpg,Normal
1808,1808.jpg,Normal,476.jpg,Normal
1809,1809.jpg,Normal,477.jpg,Normal
1810,1810.jpg,Normal,478.jpg,Normal
1811,1811.jpg,Normal,479.jpg,Normal
1812,1812.jpg,Normal,48.jpg,Normal
1813,1813.jpg,Normal,480.jpg,Normal
1814,1814.jpg,Normal,481.jpg,Normal
1815,1815.jpg,Normal,482.jpg,Normal
1816,1816.jpg,Normal,483.jpg,Normal
1817,1817.jpg,Normal,484.jpg,Normal
1818,1818.jpg,Normal,485.jpg,Normal
1819,1819.jpg,Normal,486.jpg,Normal
1820,1820.jpg,Normal,487.jpg,Normal
1821,1821.jpg,Normal,488.jpg,Normal
1822,1822.jpg,Normal,489.jpg,Normal
1823,1823.jpg,Normal,49.jpg,Normal
1824,1824.jpg,Normal,490.jpg,Normal
1825,1825.jpg,Normal,491.jpg,Normal
1826,1826.jpg,Normal,492.jpg,Normal
1827,1827.jpg,Normal,493.jpg,Normal
1828,1828.jpg,Normal,494.jpg,Normal
1829,1829.jpg,Normal,495.jpg,Normal
1830,1830.jpg,Normal,496.jpg,Normal
1831,1831.jpg,Normal,497.jpg,Normal
1832,1832.jpg,Normal,498.jpg,Normal
1833,1833.jpg,Normal,499.jpg,Normal
1834,1834.jpg,Normal,50.jpg,Normal
1835,1835.jpg,Normal,500.jpg,Normal
1836,1836.jpg,Normal,501.jpg,Normal
1837,1837.jpg,Normal,502.jpg,Normal
1838,1838.jpg,Normal,503.jpg,Normal
1839,1839.jpg,Normal,504.jpg,Normal
1840,1840.jpg,Normal,505.jpg,Normal
1841,1841.jpg,Normal,506.jpg,Normal
1842,1842.jpg,Normal,507.jpg,Normal
1843,1843.jpg,Normal,508.jpg,Normal
1844,1844.jpg,Normal,509.jpg,Normal
1845,1845.jpg,Normal,51.jpg,Normal
1846,1846.jpg,Normal,510.jpg,Normal
1847,1847.jpg,Normal,511.jpg,Normal
1848,1848.jpg,Normal,512.jpg,Normal
1849,1849.jpg,Normal,513.jpg,Normal
1850,1850.jpg,Normal,514.jpg,Normal
1851,1851.jpg,Normal,517.jpg,Normal
1852,1852.jpg,Normal,518.jpg,Normal
1853,1853.jpg,Normal,519.jpg,Normal
1854,1854.jpg,Normal,52.jpg,Normal
1855,1855.jpg,Normal,520.jpg,Normal
1856,1856.jpg,Normal,521.jpg,Normal
1857,1857.jpg,Normal,522.jpg,Normal
1858,1858.jpg,Normal,523.jpg,Normal
1859,1859.jpg,Normal,524.jpg,Normal
1860,1860.jpg,Normal,525.jpg,Normal
1861,1861.jpg,Normal,526.jpg,Normal
1862,1862.jpg,Normal,527.jpg,Normal
1863,1863.jpg,Normal,528.jpg,Normal
1864,1864.jpg,Normal,53.jpg,Normal
1865,1865.jpg,Normal,530.jpg,Normal
1866,1866.jpg,Normal,531.jpg,Normal
1867,1867.jpg,Normal,532.jpg,Normal
1868,1868.jpg,Normal,533.jpg,Normal
1869,1869.jpg,Normal,534.jpg,Normal
1870,1870.jpg,Normal,535.jpg,Normal
1871,1871.jpg,Normal,536.jpg,Normal
1872,1872.jpg,Normal,537.jpg,Normal
1873,1873.jpg,Normal,538.jpg,Normal
1874,1874.jpg,Normal,539.jpg,Normal
1875,1875.jpg,Normal,54.jpg,Normal
1876,1876.jpg,Normal,540.jpg,Normal
1877,1877.jpg,Normal,541.jpg,Normal
1878,1878.jpg,Normal,542.jpg,Normal
1879,1879.jpg,Normal,543.jpg,Normal
1880,1880.jpg,Normal,544.jpg,Normal
1881,1881.jpg,Normal,545.jpg,Normal
1882,1882.jpg,Normal,546.jpg,Normal
1883,1883.jpg,Normal,547.jpg,Normal
1884,1884.jpg,Normal,548.jpg,Normal
1885,1885.jpg,Normal,549.jpg,Normal
1886,1886.jpg,Normal,55.jpg,Normal
1887,1887.jpg,Normal,550.jpg,Normal
1888,1888.jpg,Normal,551.jpg,Normal
1889,1889.jpg,Normal,552.jpg,Normal
1890,1890.jpg,Normal,553.jpg,Normal
1891,1891.jpg,Normal,554.jpg,Normal
1892,1892.jpg,Normal,555.jpg,Normal
1893,1893.jpg,Normal,556.jpg,Normal
1894,1894.jpg,Normal,557.jpg,Normal
1895,1895.jpg,Normal,558.jpg,Normal
1896,1896.jpg,Normal,559.jpg,Normal
1897,1897.jpg,Normal,56.jpg,Normal
1898,1898.jpg,Normal,560.jpg,Normal
1899,1899.jpg,Normal,561.jpg,Normal
1900,1900.jpg,Normal,562.jpg,Normal
1901,1901.jpg,Normal,563.jpg,Normal
1902,1902.jpg,Normal,564.jpg,Normal
1903,1903.jpg,Normal,565.jpg,Normal
1904,1904.jpg,Normal,566.jpg,Normal
1905,1905.jpg,Normal,567.jpg,Normal
1906,1906.jpg,Normal,568.jpg,Normal
1907,1907.jpg,Normal,569.jpg,Normal
1908,1908.jpg,Normal,57.jpg,Normal
1909,1909.jpg,Normal,570.jpg,Normal
1910,1910.jpg,Normal,571.jpg,Normal
1911,1911.jpg,Normal,572.jpg,Normal
1912,1912.jpg,Normal,573.jpg,Normal
1913,1913.jpg,Normal,574.jpg,Normal
1914,1914.jpg,Normal,575.jpg,Normal
1915,1915.jpg,Normal,576.jpg,Normal
1916,1916.jpg,Normal,577.jpg,Normal
1917,1917.jpg,Normal,578.jpg,Normal
1918,1918.jpg,Normal,579.jpg,Normal
1919,1919.jpg,Normal,58.jpg,Normal
1920,1920.jpg,Normal,580.jpg,Normal
1921,1921.jpg,Normal,581.jpg,Normal
1922,1922.jpg,Normal,582.jpg,Normal
1923,1923.jpg,Normal,583.jpg,Normal
1924,1924.jpg,Normal,584.jpg,Normal
1925,1925.jpg,Normal,585.jpg,Normal
1926,1926.jpg,Normal,586.jpg,Normal
1927,1927.jpg,Normal,587.jpg,Normal
1928,1928.jpg,Normal,588.jpg,Normal
1929,1929.jpg,Normal,589.jpg,Normal
1930,1930.jpg,Normal,59.jpg,Normal
1931,1931.jpg,Normal,590.jpg,Normal
1932,1932.jpg,Normal,591.jpg,Normal
1933,1933.jpg,Normal,592.jpg,Normal
1934,1934.jpg,Normal,593.jpg,Normal
1935,1935.jpg,Normal,594.jpg,Normal
1936,1936.jpg,Normal,595.jpg,Normal
1937,1937.jpg,Normal,596.jpg,Normal
1938,1938.jpg,Normal,597.jpg,Normal
1939,1939.jpg,Normal,598.jpg,Normal
1940,1940.jpg,Normal,599.jpg,Normal
1941,1941.jpg,Normal,60.jpg,Normal
1942,1942.jpg,Normal,600.jpg,Normal
1943,1943.jpg,Normal,601.jpg,Normal
1944,1944.jpg,Normal,602.jpg,Normal
1945,1945.jpg,Normal,603.jpg,Normal
1946,1946.jpg,Normal,604.jpg,Normal
1947,1947.jpg,Normal,605.jpg,Normal
1948,1948.jpg,Normal,606.jpg,Normal
1949,1949.jpg,Normal,607.jpg,Normal
1950,1950.jpg,Normal,608.jpg,Normal
1951,1951.jpg,Normal,609.jpg,Normal
1952,1952.jpg,Normal,61.jpg,Normal
1953,1953.jpg,Normal,610.jpg,Normal
1954,1954.jpg,Normal,611.jpg,Normal
1955,1955.jpg,Normal,612.jpg,Normal
1956,1956.jpg,Normal,613.jpg,Normal
1957,1957.jpg,Normal,614.jpg,Normal
1958,1958.jpg,Normal,615.jpg,Normal
1959,1959.jpg,Normal,616.jpg,Normal
1960,1960.jpg,Normal,617.jpg,Normal
1961,1961.jpg,Normal,618.jpg,Normal
1962,1962.jpg,Normal,619.jpg,Normal
1963,1963.jpg,Normal,62.jpg,Normal
1964,1964.jpg,Normal,620.jpg,Normal
1965,1965.jpg,Normal,621.jpg,Normal
1966,1966.jpg,Normal,622.jpg,Normal
1967,1967.jpg,Normal,623.jpg,Normal
1968,1968.jpg,Normal,624.jpg,Normal
1969,1969.jpg,Normal,625.jpg,Normal
1970,1970.jpg,Normal,626.jpg,Normal
1971,1971.jpg,Normal,627.jpg,Normal
1972,1972.jpg,Normal,628.jpg,Normal
1973,1973.jpg,Normal,629.jpg,Normal
1974,1974.jpg,Normal,63.jpg,Normal
1975,1975.jpg,Normal,630.jpg,Normal
1976,1976.jpg,Normal,631.jpg,Normal
1977,1977.jpg,Normal,632.jpg,Normal
1978,1978.jpg,Normal,633.jpg,Normal
1979,1979.jpg,Normal,634.jpg,Normal
1980,1980.jpg,Normal,635.jpg,Normal
1981,1981.jpg,Normal,636.jpg,Normal
1982,1982.jpg,Normal,637.jpg,Normal
1983,1983.jpg,Normal,638.jpg,Normal
1984,1984.jpg,Normal,639.jpg,Normal
1985,1985.jpg,Normal,64.jpg,Normal
1986,1986.jpg,Normal,640.jpg,Normal
1987,1987.jpg,Normal,642.jpg,Normal
1988,1988.jpg,Normal,643.jpg,Normal
1989,1989.jpg,Normal,644.jpg,Normal
1990,1990.jpg,Normal,645.jpg,Normal
1991,1991.jpg,Normal,647.jpg,Normal
1992,1992.jpg,Normal,648.jpg,Normal
1993,1993.jpg,Normal,649.jpg,Normal
1994,1994.jpg,Normal,65.jpg,Normal
1995,1995.jpg,Normal,650.jpg,Normal
1996,1996.jpg,Normal,651.jpg,Normal
1997,1997.jpg,Normal,652.jpg,Normal
1998,1998.jpg,Normal,653.jpg,Normal
1999,1999.jpg,Normal,654.jpg,Normal
2000,2000.jpg,Normal,655.jpg,Normal
2001,2001.jpg,Normal,656.jpg,Normal
2002,2002.jpg,Normal,657.jpg,Normal
2003,2003.jpg,Normal,658.jpg,Normal
2004,2004.jpg,Normal,659.jpg,Normal
2005,2005.jpg,Normal,66.jpg,Normal
2006,2006.jpg,Normal,660.jpg,Normal
2007,2007.jpg,Normal,661.jpg,Normal
2008,2008.jpg,Normal,662.jpg,Normal
2009,2009.jpg,Normal,663.jpg,Normal
2010,2010.jpg,Normal,664.jpg,Normal
2011,2011.jpg,Normal,665.jpg,Normal
2012,2012.jpg,Normal,666.jpg,Normal
2013,2013.jpg,Normal,667.jpg,Normal
2014,2014.jpg,Normal,668.jpg,Normal
2015,2015.jpg,Normal,669.jpg,Normal
2016,2016.jpg,Normal,67.jpg,Normal
2017,2017.jpg,Normal,670.jpg,Normal
2018,2018.jpg,Normal,671.jpg,Normal
2019,2019.jpg,Normal,672.jpg,Normal
2020,2020.jpg,Normal,673.jpg,Normal
2021,2021.jpg,Normal,675.jpg,Normal
2022,2022.jpg,Normal,676.jpg,Normal
2023,2023.jpg,Normal,678.jpg,Normal
2024,2024.jpg,Normal,679.jpg,Normal
2025,2025.jpg,Normal,68.jpg,Normal
2026,2026.jpg,Normal,680.jpg,Normal
2027,2027.jpg,Normal,681.jpg,Normal
2028,2028.jpg,Normal,682.jpg,Normal
2029,2029.jpg,Normal,683.jpg,Normal
2030,2030.jpg,Normal,684.jpg,Normal
2031,2031.jpg,Normal,685.jpg,Normal
2032,2032.jpg,Normal,686.jpg,Normal
2033,2033.jpg,Normal,687.jpg,Normal
2034,2034.jpg,Normal,688.jpg,Normal
2035,2035.jpg,Normal,689.jpg,Normal
2036,2036.jpg,Normal,69.jpg,Normal
2037,2037.jpg,Normal,690.jpg,Normal
2038,2038.jpg,Normal,691.jpg,Normal
2039,2039.jpg,Normal,692.jpg,Normal
2040,2040.jpg,Normal,693.jpg,Normal
2041,2041.jpg,Normal,694.jpg,Normal
2042,2042.jpg,Normal,695.jpg,Normal
2043,2043.jpg,Normal,696.jpg,Normal
2044,2044.jpg,Normal,697.jpg,Normal
2045,2045.jpg,Normal,698.jpg,Normal
2046,2046.jpg,Normal,699.jpg,Normal
2047,2047.jpg,Normal,70.jpg,Normal
2048,2048.jpg,Normal,700.jpg,Normal
2049,2049.jpg,Normal,72.jpg,Normal
2050,2050.jpg,Normal,74.jpg,Normal
2051,2051.jpg,Normal,75.jpg,Normal
2052,2052.jpg,Normal,76.jpg,Normal
2053,2053.jpg,Normal,77.jpg,Normal
2054,2054.jpg,Normal,78.jpg,Normal
2055,2055.jpg,Normal,79.jpg,Normal
2056,2056.jpg,Normal,80.jpg,Normal
2057,2057.jpg,Normal,81.jpg,Normal
2058,2058.jpg,Normal,82.jpg,Normal
2059,2059.jpg,Normal,83.jpg,Normal
2060,2060.jpg,Normal,84.jpg,Normal
2061,2061.jpg,Normal,85.jpg,Normal
2062,2062.jpg,Normal,86.jpg,Normal
2063,2063.jpg,Normal,87.jpg,Normal
2064,2064.jpg,Normal,88.jpg,Normal
2065,2065.jpg,Normal,89.jpg,Normal
2066,2066.jpg,Normal,90.jpg,Normal
2067,2067.jpg,Normal,91.jpg,Normal
2068,2068.jpg,Normal,92.jpg,Normal
2069,2069.jpg,Normal,93.jpg,Normal
2070,2070.jpg,Normal,94.jpg,Normal
2071,2071.jpg,Normal,95.jpg,Normal
2072,2072.jpg,Normal,96.jpg,Normal
2073,2073.jpg,Normal,97.jpg,Normal
2074,2074.jpg,Normal,98.jpg,Normal
2075,2075.jpg,Normal,99.jpg,Normal
2076,2076.jpeg,Uveitis,1.jpeg,Uveitis
2077,2077.jpeg,Uveitis,10.jpeg,Uveitis
2078,2078.jpg,Uveitis,100.jpg,Uveitis
2079,2079.jpg,Uveitis,102.jpg,Uveitis
2080,2080.jpg,Uveitis,103.jpg,Uveitis
2081,2081.jpg,Uveitis,105.jpg,Uveitis
2082,2082.jpg,Uveitis,106.jpg,Uveitis
2083,2083.jpg,Uveitis,108.jpg,Uveitis
2084,2084.jpg,Uveitis,109.jpg,Uveitis
2085,2085.jpg,Uveitis,110.jpg,Uveitis
2086,2086.jpg,Uveitis,116.jpg,Uveitis
2087,2087.jpg,Uveitis,122.jpg,Uveitis
2088,2088.jpg,Uveitis,123.jpg,Uveitis
2089,2089.jpg,Uveitis,127.jpg,Uveitis
2090,2090.jpg,Uveitis,128.jpg,Uveitis
2091,2091.jpg,Uveitis,129.jpg,Uveitis
2092,2092.jpeg,Uveitis,13.jpeg,Uveitis
2093,2093.jpg,Uveitis,130.jpg,Uveitis
2094,2094.jpg,Uveitis,131.jpg,Uveitis
2095,2095.jpg,Uveitis,132.jpg,Uveitis
2096,2096.jpg,Uveitis,133.jpg,Uveitis
2097,2097.jpg,Uveitis,134.jpg,Uveitis
2098,2098.jpg,Uveitis,135.jpg,Uveitis
2099,2099.jpg,Uveitis,136.jpg,Uveitis
2100,2100.jpg,Uveitis,137.jpg,Uveitis
2101,2101.jpg,Uveitis,138.jpg,Uveitis
2102,2102.jpg,Uveitis,139.jpg,Uveitis
2103,2103.jpeg,Uveitis,14.jpeg,Uveitis
2104,2104.jpg,Uveitis,140.jpg,Uveitis
2105,2105.jpg,Uveitis,141.jpg,Uveitis
2106,2106.jpg,Uveitis,142.jpg,Uveitis
2107,2107.jpeg,Uveitis,143.jpeg,Uveitis
2108,2108.jpg,Uveitis,144.jpg,Uveitis
2109,2109.jpg,Uveitis,145.jpg,Uveitis
2110,2110.jpg,Uveitis,148.jpg,Uveitis
2111,2111.jpg,Uveitis,149.jpg,Uveitis
2112,2112.jpg,Uveitis,150.jpg,Uveitis
2113,2113.jpg,Uveitis,151.jpg,Uveitis
2114,2114.jpg,Uveitis,152.jpg,Uveitis
2115,2115.jpg,Uveitis,153.jpg,Uveitis
2116,2116.jpg,Uveitis,154.jpg,Uveitis
2117,2117.jpg,Uveitis,155.jpg,Uveitis
2118,2118.jpg,Uveitis,156.jpg,Uveitis
2119,2119.jpg,Uveitis,157.jpg,Uveitis
2120,2120.jpg,Uveitis,158.jpg,Uveitis
2121,2121.jpg,Uveitis,159.jpg,Uveitis
2122,2122.jpeg,Uveitis,16.jpeg,Uveitis
2123,2123.jpg,Uveitis,160.jpg,Uveitis
2124,2124.jpg,Uveitis,161.jpg,Uveitis
2125,2125.jpg,Uveitis,162.jpg,Uveitis
2126,2126.jpg,Uveitis,163.jpg,Uveitis
2127,2127.jpg,Uveitis,164.jpg,Uveitis
2128,2128.jpg,Uveitis,167.jpg,Uveitis
2129,2129.jpg,Uveitis,168.jpg,Uveitis
2130,2130.jpg,Uveitis,169.jpg,Uveitis
2131,2131.jpg,Uveitis,172.jpg,Uveitis
2132,2132.jpg,Uveitis,173.jpg,Uveitis
2133,2133.jpg,Uveitis,174.jpg,Uveitis
2134,2134.jpg,Uveitis,175.jpg,Uveitis
2135,2135.jpg,Uveitis,177.jpg,Uveitis
2136,2136.jpg,Uveitis,178.jpg,Uveitis
2137,2137.jpg,Uveitis,179.jpg,Uveitis
2138,2138.jpg,Uveitis,181.jpg,Uveitis
2139,2139.jpg,Uveitis,182.jpg,Uveitis
2140,2140.jpeg,Uveitis,184.jpeg,Uveitis
2141,2141.jpg,Uveitis,185.jpg,Uveitis
2142,2142.jpg,Uveitis,186.jpg,Uveitis
2143,2143.jpeg,Uveitis,189.jpeg,Uveitis
2144,2144.jpeg,Uveitis,19.jpeg,Uveitis
2145,2145.jpg,Uveitis,190.jpg,Uveitis
2146,2146.jpg,Uveitis,191.jpg,Uveitis
2147,2147.jpg,Uveitis,192.jpg,Uveitis
2148,2148.jpg,Uveitis,193.jpg,Uveitis
2149,2149.jpg,Uveitis,196.jpg,Uveitis
2150,2150.jpeg,Uveitis,20.jpeg,Uveitis
2151,2151.jpeg,Uveitis,203.jpeg,Uveitis
2152,2152.jpeg,Uveitis,21.jpeg,Uveitis
2153,2153.jpeg,Uveitis,241.jpeg,Uveitis
2154,2154.jpeg,Uveitis,246.jpeg,Uveitis
2155,2155.jpeg,Uveitis,25.jpeg,Uveitis
2156,2156.jpeg,Uveitis,26.jpeg,Uveitis
2157,2157.jpg,Uveitis,277.jpg,Uveitis
2158,2158.jpeg,Uveitis,286.jpeg,Uveitis
2159,2159.jpeg,Uveitis,29.jpeg,Uveitis
2160,2160.jpg,Uveitis,292.jpg,Uveitis
2161,2161.jpeg,Uveitis,299.jpeg,Uveitis
2162,2162.jpg,Uveitis,3.jpg,Uveitis
2163,2163.jpeg,Uveitis,300.jpeg,Uveitis
2164,2164.jpeg,Uveitis,305.jpeg,Uveitis
2165,2165.jpg,Uveitis,308.jpg,Uveitis
2166,2166.jpg,Uveitis,309.jpg,Uveitis
2167,2167.jpg,Uveitis,313.jpg,Uveitis
2168,2168.jpg,Uveitis,314.jpg,Uveitis
2169,2169.jpg,Uveitis,318.jpg,Uveitis
2170,2170.jpg,Uveitis,322.jpg,Uveitis
2171,2171.jpg,Uveitis,323.jpg,Uveitis
2172,2172.jpeg,Uveitis,325.jpeg,Uveitis
2173,2173.jpeg,Uveitis,326.jpeg,Uveitis
2174,2174.jpeg,Uveitis,329.jpeg,Uveitis
2175,2175.jpeg,Uveitis,330.jpeg,Uveitis
2176,2176.jpeg,Uveitis,331.jpeg,Uveitis
2177,2177.jpeg,Uveitis,332.jpeg,Uveitis
2178,2178.jpeg,Uveitis,333.jpeg,Uveitis
2179,2179.jpeg,Uveitis,336.jpeg,Uveitis
2180,2180.jpg,Uveitis,340.jpg,Uveitis
2181,2181.jpeg,Uveitis,341.jpeg,Uveitis
2182,2182.jpeg,Uveitis,343.jpeg,Uveitis
2183,2183.jpeg,Uveitis,350.jpeg,Uveitis
2184,2184.jpeg,Uveitis,380.jpeg,Uveitis
2185,2185.jpeg,Uveitis,40.jpeg,Uveitis
2186,2186.jpeg,Uveitis,41.jpeg,Uveitis
2187,2187.jpg,Uveitis,428.jpg,Uveitis
2188,2188.jpeg,Uveitis,46.jpeg,Uveitis
2189,2189.jpg,Uveitis,465.jpg,Uveitis
2190,2190.jpeg,Uveitis,469.jpeg,Uveitis
2191,2191.jpeg,Uveitis,493.jpeg,Uveitis
2192,2192.jpg,Uveitis,509.jpg,Uveitis
2193,2193.jpg,Uveitis,510.jpg,Uveitis
2194,2194.jpeg,Uveitis,52.jpeg,Uveitis
2195,2195.jpeg,Uveitis,53.jpeg,Uveitis
2196,2196.jpg,Uveitis,535.jpg,Uveitis
2197,2197.jpg,Uveitis,536.jpg,Uveitis
2198,2198.jpeg,Uveitis,59.jpeg,Uveitis
2199,2199.jpg,Uveitis,599.jpg,Uveitis
2200,2200.jpeg,Uveitis,61.jpeg,Uveitis
2201,2201.jpg,Uveitis,610.jpg,Uveitis
2202,2202.jpg,Uveitis,615.jpg,Uveitis
2203,2203.jpg,Uveitis,616.jpg,Uveitis
2204,2204.jpeg,Uveitis,62.jpeg,Uveitis
2205,2205.jpeg,Uveitis,63.jpeg,Uveitis
2206,2206.jpg,Uveitis,631.jpg,Uveitis
2207,2207.jpg,Uveitis,639.jpg,Uveitis
2208,2208.jpeg,Uveitis,64.jpeg,Uveitis
2209,2209.jpg,Uveitis,648.jpg,Uveitis
2210,2210.jpg,Uveitis,653.jpg,Uveitis
2211,2211.jpg,Uveitis,661.jpg,Uveitis
2212,2212.jpg,Uveitis,667.jpg,Uveitis
2213,2213.jpg,Uveitis,676.jpg,Uveitis
2214,2214.jpg,Uveitis,679.jpg,Uveitis
2215,2215.jpg,Uveitis,680.jpg,Uveitis
2216,2216.jpg,Uveitis,684.jpg,Uveitis
2217,2217.jpg,Uveitis,687.jpg,Uveitis
2218,2218.jpeg,Uveitis,69.jpeg,Uveitis
2219,2219.jpg,Uveitis,690.jpg,Uveitis
2220,2220.jpg,Uveitis,697.jpg,Uveitis
2221,2221.jpeg,Uveitis,7.jpeg,Uveitis
2222,2222.jpg,Uveitis,707.jpg,Uveitis
2223,2223.jpeg,Uveitis,71.jpeg,Uveitis
2224,2224.jpg,Uveitis,726.jpg,Uveitis
2225,2225.jpg,Uveitis,730.jpg,Uveitis
2226,2226.jpg,Uveitis,733.jpg,Uveitis
2227,2227.jpg,Uveitis,734.jpg,Uveitis
2228,2228.jpg,Uveitis,735.jpg,Uveitis
2229,2229.jpg,Uveitis,737.jpg,Uveitis
2230,2230.jpg,Uveitis,743.jpg,Uveitis
2231,2231.jpg,Uveitis,744.jpg,Uveitis
2232,2232.jpg,Uveitis,748.jpg,Uveitis
2233,2233.jpeg,Uveitis,75.jpeg,Uveitis
2234,2234.jpg,Uveitis,753.jpg,Uveitis
2235,2235.jpg,Uveitis,754.jpg,Uveitis
2236,2236.jpg,Uveitis,759.jpg,Uveitis
2237,2237.jpg,Uveitis,761.jpg,Uveitis
2238,2238.jpg,Uveitis,765.jpg,Uveitis
2239,2239.jpeg,Uveitis,77.jpeg,Uveitis
2240,2240.jpg,Uveitis,771.jpg,Uveitis
2241,2241.jpg,Uveitis,774.jpg,Uveitis
2242,2242.jpg,Uveitis,775.jpg,Uveitis
2243,2243.jpg,Uveitis,779.jpg,Uveitis
2244,2244.jpg,Uveitis,788.jpg,Uveitis
2245,2245.jpg,Uveitis,789.jpg,Uveitis
2246,2246.jpg,Uveitis,790.jpg,Uveitis
2247,2247.jpg,Uveitis,816.jpg,Uveitis
2248,2248.jpg,Uveitis,817.jpg,Uveitis
2249,2249.jpg,Uveitis,822.jpg,Uveitis
2250,2250.jpg,Uveitis,824.jpg,Uveitis
2251,2251.jpg,Uveitis,826.jpg,Uveitis
2252,2252.jpg,Uveitis,830.jpg,Uveitis
2253,2253.jpg,Uveitis,862.jpg,Uveitis
2254,2254.jpg,Uveitis,874.jpg,Uveitis
2255,2255.jpg,Uveitis,878.jpg,Uveitis
2256,2256.jpg,Uveitis,898.jpg,Uveitis
2257,2257.jpg,Uveitis,904.jpg,Uveitis
2258,2258.jpg,Uveitis,911.jpg,Uveitis
2259,2259.jpg,Uveitis,915.jpg,Uveitis
2260,2260.jpg,Uveitis,916.jpg,Uveitis
2261,2261.jpg,Uveitis,919.jpg,Uveitis
2262,2262.jpg,Uveitis,927.jpg,Uveitis
2263,2263.jpg,Uveitis,931.jpg,Uveitis
2264,2264.jpg,Uveitis,932.jpg,Uveitis
2265,2265.jpg,Uveitis,942.jpg,Uveitis
2266,2266.jpg,Uveitis,951.jpg,Uveitis
2267,2267.jpg,Uveitis,962.jpg,Uveitis
2268,2268.jpg,Uveitis,964.jpg,Uveitis
2269,2269.jpg,Uveitis,aug_868.jpg,Uveitis
2270,2270.jpg,Uveitis,aug_873.jpg,Uveitis
2271,2271.jpg,Uveitis,aug_876.jpg,Uveitis
2272,2272.jpg,Uveitis,aug_878.jpg,Uveitis
2273,2273.jpg,Uveitis,aug_883.jpg,Uveitis
2274,2274.jpg,Uveitis,aug_884.jpg,Uveitis
2275,2275.jpg,Uveitis,aug_892.jpg,Uveitis
2276,2276.jpg,Uveitis,aug_894.jpg,Uveitis
2277,2277.jpg,Uveitis,aug_896.jpg,Uveitis
2278,2278.jpg,Uveitis,aug_897.jpg,Uveitis
2279,2279.jpg,Uveitis,aug_900.jpg,Uveitis
2280,2280.jpg,Uveitis,aug_901.jpg,Uveitis
2281,2281.jpg,Uveitis,aug_912.jpg,Uveitis
2282,2282.jpg,Uveitis,aug_915.jpg,Uveitis
2283,2283.jpg,Uveitis,aug_916.jpg,Uveitis
2284,2284.jpg,Uveitis,aug_917.jpg,Uveitis
2285,2285.jpg,Uveitis,aug_926.jpg,Uveitis
2286,2286.jpg,Uveitis,aug_930.jpg,Uveitis
2287,2287.jpg,Uveitis,aug_931.jpg,Uveitis
2288,2288.jpg,Uveitis,aug_959.jpg,Uveitis
2289,2289.jpg,Uveitis,aug_962.jpg,Uveitis
2290,2290.jpg,Uveitis,aug_972.jpg,Uveitis
2291,2291.jpg,Uveitis,aug_974.jpg,Uveitis
2292,2292.jpg,Uveitis,aug_980.jpg,Uveitis
2293,2293.jpg,Uveitis,aug_981.jpg,Uveitis
2294,2294.jpg,Uveitis,aug_982.jpg,Uveitis
2295,2295.jpg,Uveitis,aug_984.jpg,Uveitis
2296,2296.jpg,Uveitis,aug_986.jpg,Uveitis
2297,2297.jpg,Uveitis,aug_996.jpg,Uveitis
2298,2298.jpg,Uveitis,aug_998.jpg,Uveitis
