image,eye_redness,eye_pain,blurred_vision,sensitivity_to_light,floating_spots,itching,tearing,discharge,crusting_eyelids,cloudy_vision,difficulty_seeing_at_night,sensitivity_to_glare,drooping_eyelids,swelling,irritation,lumps_on_eyelids
1.jpg,,,,,,,,,,,,,,,,
2.jpg,,,,,,,,,,,,,,,,
3.jpg,,,,,,,,,,,,,,,,
4.jpg,,,,,,,,,,,,,,,,
5.jpg,,,,,,,,,,,,,,,,
6.jpg,,,,,,,,,,,,,,,,
7.jpg,,,,,,,,,,,,,,,,
8.jpg,,,,,,,,,,,,,,,,
9.jpg,,,,,,,,,,,,,,,,
10.jpg,,,,,,,,,,,,,,,,
11.jpg,,,,,,,,,,,,,,,,
12.jpg,,,,,,,,,,,,,,,,
13.jpg,,,,,,,,,,,,,,,,
14.jpg,,,,,,,,,,,,,,,,
15.jpg,,,,,,,,,,,,,,,,
16.jpg,,,,,,,,,,,,,,,,
17.jpg,,,,,,,,,,,,,,,,
18.jpg,,,,,,,,,,,,,,,,
19.jpg,,,,,,,,,,,,,,,,
20.jpg,,,,,,,,,,,,,,,,
21.jpg,,,,,,,,,,,,,,,,
22.jpg,,,,,,,,,,,,,,,,
23.jpg,,,,,,,,,,,,,,,,
24.jpg,,,,,,,,,,,,,,,,
25.jpg,,,,,,,,,,,,,,,,
26.jpg,,,,,,,,,,,,,,,,
27.jpg,,,,,,,,,,,,,,,,
28.jpeg,,,,,,,,,,,,,,,,
29.jpg,,,,,,,,,,,,,,,,
30.png,,,,,,,,,,,,,,,,
31.jpg,,,,,,,,,,,,,,,,
32.jpg,,,,,,,,,,,,,,,,
33.png,,,,,,,,,,,,,,,,
34.jpg,,,,,,,,,,,,,,,,
35.png,,,,,,,,,,,,,,,,
36.jpg,,,,,,,,,,,,,,,,
37.png,,,,,,,,,,,,,,,,
38.jpg,,,,,,,,,,,,,,,,
39.jpg,,,,,,,,,,,,,,,,
40.jpg,,,,,,,,,,,,,,,,
41.jpg,,,,,,,,,,,,,,,,
42.jpg,,,,,,,,,,,,,,,,
43.jpg,,,,,,,,,,,,,,,,
44.jpg,,,,,,,,,,,,,,,,
45.jpg,,,,,,,,,,,,,,,,
46.jpg,,,,,,,,,,,,,,,,
47.jpg,,,,,,,,,,,,,,,,
48.jpg,,,,,,,,,,,,,,,,
49.jpg,,,,,,,,,,,,,,,,
50.jpg,,,,,,,,,,,,,,,,
51.jpg,,,,,,,,,,,,,,,,
52.jpg,,,,,,,,,,,,,,,,
53.jpg,,,,,,,,,,,,,,,,
54.jpg,,,,,,,,,,,,,,,,
55.jpg,,,,,,,,,,,,,,,,
56.jpg,,,,,,,,,,,,,,,,
57.jpg,,,,,,,,,,,,,,,,
58.jpg,,,,,,,,,,,,,,,,
59.jpg,,,,,,,,,,,,,,,,
60.jpg,,,,,,,,,,,,,,,,
61.jpg,,,,,,,,,,,,,,,,
62.jpg,,,,,,,,,,,,,,,,
63.jpg,,,,,,,,,,,,,,,,
64.jpg,,,,,,,,,,,,,,,,
65.jpg,,,,,,,,,,,,,,,,
66.jpg,,,,,,,,,,,,,,,,
67.jpg,,,,,,,,,,,,,,,,
68.jpg,,,,,,,,,,,,,,,,
69.jpg,,,,,,,,,,,,,,,,
70.jpg,,,,,,,,,,,,,,,,
71.jpg,,,,,,,,,,,,,,,,
72.jpg,,,,,,,,,,,,,,,,
73.jpg,,,,,,,,,,,,,,,,
74.jpg,,,,,,,,,,,,,,,,
75.jpg,,,,,,,,,,,,,,,,
76.jpg,,,,,,,,,,,,,,,,
77.jpg,,,,,,,,,,,,,,,,
78.jpg,,,,,,,,,,,,,,,,
79.jpg,,,,,,,,,,,,,,,,
80.jpg,,,,,,,,,,,,,,,,
81.jpg,,,,,,,,,,,,,,,,
82.jpg,,,,,,,,,,,,,,,,
83.jpg,,,,,,,,,,,,,,,,
84.jpg,,,,,,,,,,,,,,,,
85.jpg,,,,,,,,,,,,,,,,
86.jpg,,,,,,,,,,,,,,,,
87.jpg,,,,,,,,,,,,,,,,
88.jpg,,,,,,,,,,,,,,,,
89.jpg,,,,,,,,,,,,,,,,
90.jpg,,,,,,,,,,,,,,,,
91.jpg,,,,,,,,,,,,,,,,
92.jpg,,,,,,,,,,,,,,,,
93.jpg,,,,,,,,,,,,,,,,
94.jpg,,,,,,,,,,,,,,,,
95.jpg,,,,,,,,,,,,,,,,
96.jpg,,,,,,,,,,,,,,,,
97.jpg,,,,,,,,,,,,,,,,
98.jpg,,,,,,,,,,,,,,,,
99.jpg,,,,,,,,,,,,,,,,
100.jpg,,,,,,,,,,,,,,,,
101.jpg,,,,,,,,,,,,,,,,
102.jpg,,,,,,,,,,,,,,,,
103.jpg,,,,,,,,,,,,,,,,
104.jpg,,,,,,,,,,,,,,,,
105.jpg,,,,,,,,,,,,,,,,
106.jpg,,,,,,,,,,,,,,,,
107.jpg,,,,,,,,,,,,,,,,
108.jpg,,,,,,,,,,,,,,,,
109.jpg,,,,,,,,,,,,,,,,
110.jpg,,,,,,,,,,,,,,,,
111.jpg,,,,,,,,,,,,,,,,
112.jpg,,,,,,,,,,,,,,,,
113.jpg,,,,,,,,,,,,,,,,
114.jpg,,,,,,,,,,,,,,,,
115.jpg,,,,,,,,,,,,,,,,
116.jpg,,,,,,,,,,,,,,,,
117.jpg,,,,,,,,,,,,,,,,
118.jpg,,,,,,,,,,,,,,,,
119.jpg,,,,,,,,,,,,,,,,
120.jpg,,,,,,,,,,,,,,,,
121.jpg,,,,,,,,,,,,,,,,
122.jpg,,,,,,,,,,,,,,,,
123.jpg,,,,,,,,,,,,,,,,
124.jpg,,,,,,,,,,,,,,,,
125.jpg,,,,,,,,,,,,,,,,
126.jpg,,,,,,,,,,,,,,,,
127.jpg,,,,,,,,,,,,,,,,
128.jpg,,,,,,,,,,,,,,,,
129.jpg,,,,,,,,,,,,,,,,
130.jpg,,,,,,,,,,,,,,,,
131.jpg,,,,,,,,,,,,,,,,
132.jpg,,,,,,,,,,,,,,,,
133.jpg,,,,,,,,,,,,,,,,
134.jpg,,,,,,,,,,,,,,,,
135.jpg,,,,,,,,,,,,,,,,
136.jpg,,,,,,,,,,,,,,,,
137.jpg,,,,,,,,,,,,,,,,
138.jpg,,,,,,,,,,,,,,,,
139.jpg,,,,,,,,,,,,,,,,
140.jpg,,,,,,,,,,,,,,,,
141.jpg,,,,,,,,,,,,,,,,
142.jpg,,,,,,,,,,,,,,,,
143.jpg,,,,,,,,,,,,,,,,
144.jpg,,,,,,,,,,,,,,,,
145.jpg,,,,,,,,,,,,,,,,
146.jpg,,,,,,,,,,,,,,,,
147.jpg,,,,,,,,,,,,,,,,
148.jpg,,,,,,,,,,,,,,,,
149.jpg,,,,,,,,,,,,,,,,
150.jpg,,,,,,,,,,,,,,,,
151.jpg,,,,,,,,,,,,,,,,
152.jpg,,,,,,,,,,,,,,,,
153.jpg,,,,,,,,,,,,,,,,
154.jpg,,,,,,,,,,,,,,,,
155.jpg,,,,,,,,,,,,,,,,
156.jpg,,,,,,,,,,,,,,,,
157.jpg,,,,,,,,,,,,,,,,
158.jpg,,,,,,,,,,,,,,,,
159.jpg,,,,,,,,,,,,,,,,
160.jpg,,,,,,,,,,,,,,,,
161.jpg,,,,,,,,,,,,,,,,
162.jpg,,,,,,,,,,,,,,,,
163.jpg,,,,,,,,,,,,,,,,
164.jpg,,,,,,,,,,,,,,,,
165.jpg,,,,,,,,,,,,,,,,
166.jpg,,,,,,,,,,,,,,,,
167.jpg,,,,,,,,,,,,,,,,
168.jpg,,,,,,,,,,,,,,,,
169.jpg,,,,,,,,,,,,,,,,
170.jpg,,,,,,,,,,,,,,,,
171.jpg,,,,,,,,,,,,,,,,
172.jpg,,,,,,,,,,,,,,,,
173.jpg,,,,,,,,,,,,,,,,
174.jpg,,,,,,,,,,,,,,,,
175.jpg,,,,,,,,,,,,,,,,
176.jpg,,,,,,,,,,,,,,,,
177.jpg,,,,,,,,,,,,,,,,
178.jpg,,,,,,,,,,,,,,,,
179.jpg,,,,,,,,,,,,,,,,
180.jpg,,,,,,,,,,,,,,,,
181.jpg,,,,,,,,,,,,,,,,
182.jpg,,,,,,,,,,,,,,,,
183.jpg,,,,,,,,,,,,,,,,
184.jpg,,,,,,,,,,,,,,,,
185.jpg,,,,,,,,,,,,,,,,
186.jpg,,,,,,,,,,,,,,,,
187.jpg,,,,,,,,,,,,,,,,
188.jpg,,,,,,,,,,,,,,,,
189.jpg,,,,,,,,,,,,,,,,
190.jpg,,,,,,,,,,,,,,,,
191.jpg,,,,,,,,,,,,,,,,
192.jpg,,,,,,,,,,,,,,,,
193.jpg,,,,,,,,,,,,,,,,
194.jpg,,,,,,,,,,,,,,,,
195.jpg,,,,,,,,,,,,,,,,
196.jpg,,,,,,,,,,,,,,,,
197.jpg,,,,,,,,,,,,,,,,
198.jpg,,,,,,,,,,,,,,,,
199.jpg,,,,,,,,,,,,,,,,
200.jpg,,,,,,,,,,,,,,,,
201.jpg,,,,,,,,,,,,,,,,
202.jpg,,,,,,,,,,,,,,,,
203.jpg,,,,,,,,,,,,,,,,
204.jpg,,,,,,,,,,,,,,,,
205.jpg,,,,,,,,,,,,,,,,
206.jpg,,,,,,,,,,,,,,,,
207.jpg,,,,,,,,,,,,,,,,
208.jpg,,,,,,,,,,,,,,,,
209.jpg,,,,,,,,,,,,,,,,
210.jpg,,,,,,,,,,,,,,,,
211.jpg,,,,,,,,,,,,,,,,
212.jpg,,,,,,,,,,,,,,,,
213.jpg,,,,,,,,,,,,,,,,
214.jpg,,,,,,,,,,,,,,,,
215.jpg,,,,,,,,,,,,,,,,
216.jpg,,,,,,,,,,,,,,,,
217.jpg,,,,,,,,,,,,,,,,
218.jpg,,,,,,,,,,,,,,,,
219.jpg,,,,,,,,,,,,,,,,
220.jpg,,,,,,,,,,,,,,,,
221.jpg,,,,,,,,,,,,,,,,
222.jpg,,,,,,,,,,,,,,,,
223.jpg,,,,,,,,,,,,,,,,
224.jpg,,,,,,,,,,,,,,,,
225.jpg,,,,,,,,,,,,,,,,
226.jpg,,,,,,,,,,,,,,,,
227.jpg,,,,,,,,,,,,,,,,
228.jpg,,,,,,,,,,,,,,,,
229.jpg,,,,,,,,,,,,,,,,
230.jpg,,,,,,,,,,,,,,,,
231.jpg,,,,,,,,,,,,,,,,
232.jpg,,,,,,,,,,,,,,,,
233.jpg,,,,,,,,,,,,,,,,
234.jpg,,,,,,,,,,,,,,,,
235.jpg,,,,,,,,,,,,,,,,
236.jpg,,,,,,,,,,,,,,,,
237.jpg,,,,,,,,,,,,,,,,
238.jpg,,,,,,,,,,,,,,,,
239.jpg,,,,,,,,,,,,,,,,
240.jpg,,,,,,,,,,,,,,,,
241.jpg,,,,,,,,,,,,,,,,
242.jpg,,,,,,,,,,,,,,,,
243.jpg,,,,,,,,,,,,,,,,
244.jpg,,,,,,,,,,,,,,,,
245.jpg,,,,,,,,,,,,,,,,
246.jpg,,,,,,,,,,,,,,,,
247.jpg,,,,,,,,,,,,,,,,
248.jpg,,,,,,,,,,,,,,,,
249.jpg,,,,,,,,,,,,,,,,
250.jpg,,,,,,,,,,,,,,,,
251.jpg,,,,,,,,,,,,,,,,
252.jpg,,,,,,,,,,,,,,,,
253.jpg,,,,,,,,,,,,,,,,
254.jpg,,,,,,,,,,,,,,,,
255.jpg,,,,,,,,,,,,,,,,
256.jpg,,,,,,,,,,,,,,,,
257.jpg,,,,,,,,,,,,,,,,
258.jpg,,,,,,,,,,,,,,,,
259.jpg,,,,,,,,,,,,,,,,
260.jpg,,,,,,,,,,,,,,,,
261.jpg,,,,,,,,,,,,,,,,
262.jpg,,,,,,,,,,,,,,,,
263.jpg,,,,,,,,,,,,,,,,
264.jpg,,,,,,,,,,,,,,,,
265.jpg,,,,,,,,,,,,,,,,
266.jpg,,,,,,,,,,,,,,,,
267.jpg,,,,,,,,,,,,,,,,
268.jpg,,,,,,,,,,,,,,,,
269.jpg,,,,,,,,,,,,,,,,
270.jpg,,,,,,,,,,,,,,,,
271.jpg,,,,,,,,,,,,,,,,
272.jpg,,,,,,,,,,,,,,,,
273.jpg,,,,,,,,,,,,,,,,
274.jpg,,,,,,,,,,,,,,,,
275.jpg,,,,,,,,,,,,,,,,
276.jpg,,,,,,,,,,,,,,,,
277.jpg,,,,,,,,,,,,,,,,
278.jpg,,,,,,,,,,,,,,,,
279.jpg,,,,,,,,,,,,,,,,
280.jpg,,,,,,,,,,,,,,,,
281.jpg,,,,,,,,,,,,,,,,
282.jpg,,,,,,,,,,,,,,,,
283.jpg,,,,,,,,,,,,,,,,
284.jpg,,,,,,,,,,,,,,,,
285.jpg,,,,,,,,,,,,,,,,
286.jpg,,,,,,,,,,,,,,,,
287.jpg,,,,,,,,,,,,,,,,
288.jpg,,,,,,,,,,,,,,,,
289.jpg,,,,,,,,,,,,,,,,
290.jpg,,,,,,,,,,,,,,,,
291.jpg,,,,,,,,,,,,,,,,
292.jpg,,,,,,,,,,,,,,,,
293.jpg,,,,,,,,,,,,,,,,
294.jpg,,,,,,,,,,,,,,,,
295.jpg,,,,,,,,,,,,,,,,
296.jpg,,,,,,,,,,,,,,,,
297.jpg,,,,,,,,,,,,,,,,
298.jpg,,,,,,,,,,,,,,,,
299.jpg,,,,,,,,,,,,,,,,
300.jpg,,,,,,,,,,,,,,,,
301.jpg,,,,,,,,,,,,,,,,
302.jpg,,,,,,,,,,,,,,,,
303.jpg,,,,,,,,,,,,,,,,
304.jpg,,,,,,,,,,,,,,,,
305.jpg,,,,,,,,,,,,,,,,
306.jpg,,,,,,,,,,,,,,,,
307.jpg,,,,,,,,,,,,,,,,
308.jpg,,,,,,,,,,,,,,,,
309.jpg,,,,,,,,,,,,,,,,
310.jpg,,,,,,,,,,,,,,,,
311.jpg,,,,,,,,,,,,,,,,
312.jpg,,,,,,,,,,,,,,,,
313.jpg,,,,,,,,,,,,,,,,
314.jpg,,,,,,,,,,,,,,,,
315.jpg,,,,,,,,,,,,,,,,
316.jpg,,,,,,,,,,,,,,,,
317.jpg,,,,,,,,,,,,,,,,
318.jpg,,,,,,,,,,,,,,,,
319.jpg,,,,,,,,,,,,,,,,
320.jpg,,,,,,,,,,,,,,,,
321.jpg,,,,,,,,,,,,,,,,
322.jpg,,,,,,,,,,,,,,,,
323.jpg,,,,,,,,,,,,,,,,
324.jpg,,,,,,,,,,,,,,,,
325.jpg,,,,,,,,,,,,,,,,
326.jpg,,,,,,,,,,,,,,,,
327.jpg,,,,,,,,,,,,,,,,
328.jpg,,,,,,,,,,,,,,,,
329.jpg,,,,,,,,,,,,,,,,
330.jpg,,,,,,,,,,,,,,,,
331.jpg,,,,,,,,,,,,,,,,
332.jpg,,,,,,,,,,,,,,,,
333.jpg,,,,,,,,,,,,,,,,
334.jpg,,,,,,,,,,,,,,,,
335.jpg,,,,,,,,,,,,,,,,
336.jpg,,,,,,,,,,,,,,,,
337.jpg,,,,,,,,,,,,,,,,
338.jpg,,,,,,,,,,,,,,,,
339.jpg,,,,,,,,,,,,,,,,
340.jpg,,,,,,,,,,,,,,,,
341.jpg,,,,,,,,,,,,,,,,
342.jpg,,,,,,,,,,,,,,,,
343.jpg,,,,,,,,,,,,,,,,
344.jpg,,,,,,,,,,,,,,,,
345.jpg,,,,,,,,,,,,,,,,
346.jpg,,,,,,,,,,,,,,,,
347.jpg,,,,,,,,,,,,,,,,
348.jpg,,,,,,,,,,,,,,,,
349.jpg,,,,,,,,,,,,,,,,
350.jpg,,,,,,,,,,,,,,,,
351.jpg,,,,,,,,,,,,,,,,
352.jpg,,,,,,,,,,,,,,,,
353.jpg,,,,,,,,,,,,,,,,
354.jpg,,,,,,,,,,,,,,,,
355.jpg,,,,,,,,,,,,,,,,
356.jpg,,,,,,,,,,,,,,,,
357.jpg,,,,,,,,,,,,,,,,
358.jpg,,,,,,,,,,,,,,,,
359.jpg,,,,,,,,,,,,,,,,
360.jpg,,,,,,,,,,,,,,,,
361.jpg,,,,,,,,,,,,,,,,
362.jpg,,,,,,,,,,,,,,,,
363.jpg,,,,,,,,,,,,,,,,
364.jpg,,,,,,,,,,,,,,,,
365.jpg,,,,,,,,,,,,,,,,
366.jpg,,,,,,,,,,,,,,,,
367.jpg,,,,,,,,,,,,,,,,
368.jpg,,,,,,,,,,,,,,,,
369.jpg,,,,,,,,,,,,,,,,
370.jpg,,,,,,,,,,,,,,,,
371.jpg,,,,,,,,,,,,,,,,
372.jpg,,,,,,,,,,,,,,,,
373.jpg,,,,,,,,,,,,,,,,
374.jpg,,,,,,,,,,,,,,,,
375.jpg,,,,,,,,,,,,,,,,
376.jpg,,,,,,,,,,,,,,,,
377.jpg,,,,,,,,,,,,,,,,
378.jpg,,,,,,,,,,,,,,,,
379.jpg,,,,,,,,,,,,,,,,
380.jpg,,,,,,,,,,,,,,,,
381.jpg,,,,,,,,,,,,,,,,
382.jpg,,,,,,,,,,,,,,,,
383.jpg,,,,,,,,,,,,,,,,
384.jpg,,,,,,,,,,,,,,,,
385.jpg,,,,,,,,,,,,,,,,
386.jpg,,,,,,,,,,,,,,,,
387.jpg,,,,,,,,,,,,,,,,
388.jpg,,,,,,,,,,,,,,,,
389.jpg,,,,,,,,,,,,,,,,
390.jpg,,,,,,,,,,,,,,,,
391.jpg,,,,,,,,,,,,,,,,
392.jpg,,,,,,,,,,,,,,,,
393.jpg,,,,,,,,,,,,,,,,
394.jpg,,,,,,,,,,,,,,,,
395.jpg,,,,,,,,,,,,,,,,
396.jpg,,,,,,,,,,,,,,,,
397.jpg,,,,,,,,,,,,,,,,
398.jpg,,,,,,,,,,,,,,,,
399.jpg,,,,,,,,,,,,,,,,
400.jpg,,,,,,,,,,,,,,,,
401.jpg,,,,,,,,,,,,,,,,
402.jpg,,,,,,,,,,,,,,,,
403.jpg,,,,,,,,,,,,,,,,
404.jpg,,,,,,,,,,,,,,,,
405.jpg,,,,,,,,,,,,,,,,
406.jpg,,,,,,,,,,,,,,,,
407.jpg,,,,,,,,,,,,,,,,
408.jpg,,,,,,,,,,,,,,,,
409.jpg,,,,,,,,,,,,,,,,
410.jpg,,,,,,,,,,,,,,,,
411.jpg,,,,,,,,,,,,,,,,
412.jpg,,,,,,,,,,,,,,,,
413.jpg,,,,,,,,,,,,,,,,
414.jpg,,,,,,,,,,,,,,,,
415.jpg,,,,,,,,,,,,,,,,
416.jpg,,,,,,,,,,,,,,,,
417.jpg,,,,,,,,,,,,,,,,
418.jpg,,,,,,,,,,,,,,,,
419.jpg,,,,,,,,,,,,,,,,
420.jpg,,,,,,,,,,,,,,,,
421.jpg,,,,,,,,,,,,,,,,
422.jpg,,,,,,,,,,,,,,,,
423.jpg,,,,,,,,,,,,,,,,
424.jpg,,,,,,,,,,,,,,,,
425.jpg,,,,,,,,,,,,,,,,
426.jpg,,,,,,,,,,,,,,,,
427.jpg,,,,,,,,,,,,,,,,
428.jpg,,,,,,,,,,,,,,,,
429.jpg,,,,,,,,,,,,,,,,
430.jpg,,,,,,,,,,,,,,,,
431.jpg,,,,,,,,,,,,,,,,
432.jpg,,,,,,,,,,,,,,,,
433.jpg,,,,,,,,,,,,,,,,
434.jpg,,,,,,,,,,,,,,,,
435.jpg,,,,,,,,,,,,,,,,
436.jpg,,,,,,,,,,,,,,,,
437.jpg,,,,,,,,,,,,,,,,
438.jpg,,,,,,,,,,,,,,,,
439.jpg,,,,,,,,,,,,,,,,
440.jpg,,,,,,,,,,,,,,,,
441.jpg,,,,,,,,,,,,,,,,
442.jpg,,,,,,,,,,,,,,,,
443.jpg,,,,,,,,,,,,,,,,
444.jpg,,,,,,,,,,,,,,,,
445.jpg,,,,,,,,,,,,,,,,
446.jpg,,,,,,,,,,,,,,,,
447.jpg,,,,,,,,,,,,,,,,
448.jpg,,,,,,,,,,,,,,,,
449.jpg,,,,,,,,,,,,,,,,
450.jpg,,,,,,,,,,,,,,,,
451.jpg,,,,,,,,,,,,,,,,
452.jpg,,,,,,,,,,,,,,,,
453.jpg,,,,,,,,,,,,,,,,
454.jpg,,,,,,,,,,,,,,,,
455.jpg,,,,,,,,,,,,,,,,
456.jpg,,,,,,,,,,,,,,,,
457.jpg,,,,,,,,,,,,,,,,
458.jpg,,,,,,,,,,,,,,,,
459.jpg,,,,,,,,,,,,,,,,
460.jpg,,,,,,,,,,,,,,,,
461.jpg,,,,,,,,,,,,,,,,
462.jpg,,,,,,,,,,,,,,,,
463.jpg,,,,,,,,,,,,,,,,
464.jpg,,,,,,,,,,,,,,,,
465.jpg,,,,,,,,,,,,,,,,
466.jpg,,,,,,,,,,,,,,,,
467.jpg,,,,,,,,,,,,,,,,
468.jpg,,,,,,,,,,,,,,,,
469.jpg,,,,,,,,,,,,,,,,
470.jpg,,,,,,,,,,,,,,,,
471.jpg,,,,,,,,,,,,,,,,
472.jpg,,,,,,,,,,,,,,,,
473.jpg,,,,,,,,,,,,,,,,
474.jpg,,,,,,,,,,,,,,,,
475.jpg,,,,,,,,,,,,,,,,
476.jpg,,,,,,,,,,,,,,,,
477.jpg,,,,,,,,,,,,,,,,
478.jpg,,,,,,,,,,,,,,,,
479.jpg,,,,,,,,,,,,,,,,
480.jpg,,,,,,,,,,,,,,,,
481.jpg,,,,,,,,,,,,,,,,
482.jpg,,,,,,,,,,,,,,,,
483.jpg,,,,,,,,,,,,,,,,
484.jpg,,,,,,,,,,,,,,,,
485.jpg,,,,,,,,,,,,,,,,
486.jpg,,,,,,,,,,,,,,,,
487.jpg,,,,,,,,,,,,,,,,
488.jpg,,,,,,,,,,,,,,,,
489.jpg,,,,,,,,,,,,,,,,
490.jpg,,,,,,,,,,,,,,,,
491.jpg,,,,,,,,,,,,,,,,
492.jpg,,,,,,,,,,,,,,,,
493.jpg,,,,,,,,,,,,,,,,
494.jpg,,,,,,,,,,,,,,,,
495.jpg,,,,,,,,,,,,,,,,
496.jpg,,,,,,,,,,,,,,,,
497.jpg,,,,,,,,,,,,,,,,
498.jpg,,,,,,,,,,,,,,,,
499.jpg,,,,,,,,,,,,,,,,
500.jpg,,,,,,,,,,,,,,,,
501.jpg,,,,,,,,,,,,,,,,
502.jpg,,,,,,,,,,,,,,,,
503.jpg,,,,,,,,,,,,,,,,
504.jpg,,,,,,,,,,,,,,,,
505.jpg,,,,,,,,,,,,,,,,
506.jpg,,,,,,,,,,,,,,,,
507.jpg,,,,,,,,,,,,,,,,
508.jpg,,,,,,,,,,,,,,,,
509.jpg,,,,,,,,,,,,,,,,
510.jpg,,,,,,,,,,,,,,,,
511.jpg,,,,,,,,,,,,,,,,
512.jpg,,,,,,,,,,,,,,,,
513.jpg,,,,,,,,,,,,,,,,
514.jpg,,,,,,,,,,,,,,,,
515.jpg,,,,,,,,,,,,,,,,
516.jpg,,,,,,,,,,,,,,,,
517.jpg,,,,,,,,,,,,,,,,
518.jpg,,,,,,,,,,,,,,,,
519.jpg,,,,,,,,,,,,,,,,
520.jpg,,,,,,,,,,,,,,,,
521.jpg,,,,,,,,,,,,,,,,
522.jpg,,,,,,,,,,,,,,,,
523.jpg,,,,,,,,,,,,,,,,
524.jpg,,,,,,,,,,,,,,,,
525.jpg,,,,,,,,,,,,,,,,
526.jpg,,,,,,,,,,,,,,,,
527.jpg,,,,,,,,,,,,,,,,
528.jpg,,,,,,,,,,,,,,,,
529.jpg,,,,,,,,,,,,,,,,
530.jpg,,,,,,,,,,,,,,,,
531.jpg,,,,,,,,,,,,,,,,
532.jpg,,,,,,,,,,,,,,,,
533.jpg,,,,,,,,,,,,,,,,
534.jpg,,,,,,,,,,,,,,,,
535.jpg,,,,,,,,,,,,,,,,
536.jpg,,,,,,,,,,,,,,,,
537.jpg,,,,,,,,,,,,,,,,
538.jpg,,,,,,,,,,,,,,,,
539.jpg,,,,,,,,,,,,,,,,
540.jpg,,,,,,,,,,,,,,,,
541.jpg,,,,,,,,,,,,,,,,
542.jpg,,,,,,,,,,,,,,,,
543.jpg,,,,,,,,,,,,,,,,
544.jpg,,,,,,,,,,,,,,,,
545.jpg,,,,,,,,,,,,,,,,
546.jpg,,,,,,,,,,,,,,,,
547.jpg,,,,,,,,,,,,,,,,
548.jpg,,,,,,,,,,,,,,,,
549.jpg,,,,,,,,,,,,,,,,
550.jpg,,,,,,,,,,,,,,,,
551.jpg,,,,,,,,,,,,,,,,
552.jpg,,,,,,,,,,,,,,,,
553.jpg,,,,,,,,,,,,,,,,
554.jpg,,,,,,,,,,,,,,,,
555.jpg,,,,,,,,,,,,,,,,
556.jpg,,,,,,,,,,,,,,,,
557.jpg,,,,,,,,,,,,,,,,
558.jpg,,,,,,,,,,,,,,,,
559.jpg,,,,,,,,,,,,,,,,
560.jpg,,,,,,,,,,,,,,,,
561.jpg,,,,,,,,,,,,,,,,
562.jpg,,,,,,,,,,,,,,,,
563.jpg,,,,,,,,,,,,,,,,
564.jpg,,,,,,,,,,,,,,,,
565.jpg,,,,,,,,,,,,,,,,
566.jpg,,,,,,,,,,,,,,,,
567.jpg,,,,,,,,,,,,,,,,
568.jpg,,,,,,,,,,,,,,,,
569.jpg,,,,,,,,,,,,,,,,
570.jpg,,,,,,,,,,,,,,,,
571.jpg,,,,,,,,,,,,,,,,
572.jpg,,,,,,,,,,,,,,,,
573.jpg,,,,,,,,,,,,,,,,
574.jpg,,,,,,,,,,,,,,,,
575.jpg,,,,,,,,,,,,,,,,
576.jpg,,,,,,,,,,,,,,,,
577.jpg,,,,,,,,,,,,,,,,
578.jpg,,,,,,,,,,,,,,,,
579.jpg,,,,,,,,,,,,,,,,
580.jpg,,,,,,,,,,,,,,,,
581.jpg,,,,,,,,,,,,,,,,
582.jpg,,,,,,,,,,,,,,,,
583.jpg,,,,,,,,,,,,,,,,
584.jpg,,,,,,,,,,,,,,,,
585.jpg,,,,,,,,,,,,,,,,
586.jpg,,,,,,,,,,,,,,,,
587.jpg,,,,,,,,,,,,,,,,
588.jpg,,,,,,,,,,,,,,,,
589.jpg,,,,,,,,,,,,,,,,
590.jpg,,,,,,,,,,,,,,,,
591.jpg,,,,,,,,,,,,,,,,
592.jpg,,,,,,,,,,,,,,,,
593.jpg,,,,,,,,,,,,,,,,
594.jpg,,,,,,,,,,,,,,,,
595.jpg,,,,,,,,,,,,,,,,
596.jpg,,,,,,,,,,,,,,,,
597.jpg,,,,,,,,,,,,,,,,
598.jpg,,,,,,,,,,,,,,,,
599.jpg,,,,,,,,,,,,,,,,
600.jpg,,,,,,,,,,,,,,,,
601.jpg,,,,,,,,,,,,,,,,
602.jpg,,,,,,,,,,,,,,,,
603.jpg,,,,,,,,,,,,,,,,
604.jpg,,,,,,,,,,,,,,,,
605.jpg,,,,,,,,,,,,,,,,
606.jpg,,,,,,,,,,,,,,,,
607.jpg,,,,,,,,,,,,,,,,
608.jpg,,,,,,,,,,,,,,,,
609.jpg,,,,,,,,,,,,,,,,
610.jpg,,,,,,,,,,,,,,,,
611.jpg,,,,,,,,,,,,,,,,
612.jpg,,,,,,,,,,,,,,,,
613.jpg,,,,,,,,,,,,,,,,
614.jpg,,,,,,,,,,,,,,,,
615.jpg,,,,,,,,,,,,,,,,
616.jpg,,,,,,,,,,,,,,,,
617.jpg,,,,,,,,,,,,,,,,
618.jpg,,,,,,,,,,,,,,,,
619.jpg,,,,,,,,,,,,,,,,
620.jpg,,,,,,,,,,,,,,,,
621.jpg,,,,,,,,,,,,,,,,
622.jpg,,,,,,,,,,,,,,,,
623.jpg,,,,,,,,,,,,,,,,
624.jpg,,,,,,,,,,,,,,,,
625.jpg,,,,,,,,,,,,,,,,
626.jpg,,,,,,,,,,,,,,,,
627.jpg,,,,,,,,,,,,,,,,
628.jpg,,,,,,,,,,,,,,,,
629.jpg,,,,,,,,,,,,,,,,
630.jpg,,,,,,,,,,,,,,,,
631.jpg,,,,,,,,,,,,,,,,
632.jpg,,,,,,,,,,,,,,,,
633.jpg,,,,,,,,,,,,,,,,
634.jpg,,,,,,,,,,,,,,,,
635.jpg,,,,,,,,,,,,,,,,
636.jpg,,,,,,,,,,,,,,,,
637.jpg,,,,,,,,,,,,,,,,
638.jpg,,,,,,,,,,,,,,,,
639.jpg,,,,,,,,,,,,,,,,
640.jpg,,,,,,,,,,,,,,,,
641.jpg,,,,,,,,,,,,,,,,
642.jpg,,,,,,,,,,,,,,,,
643.jpg,,,,,,,,,,,,,,,,
644.jpg,,,,,,,,,,,,,,,,
645.jpg,,,,,,,,,,,,,,,,
646.jpg,,,,,,,,,,,,,,,,
647.jpg,,,,,,,,,,,,,,,,
648.jpg,,,,,,,,,,,,,,,,
649.jpg,,,,,,,,,,,,,,,,
650.jpg,,,,,,,,,,,,,,,,
651.jpg,,,,,,,,,,,,,,,,
652.jpg,,,,,,,,,,,,,,,,
653.jpg,,,,,,,,,,,,,,,,
654.jpg,,,,,,,,,,,,,,,,
655.jpg,,,,,,,,,,,,,,,,
656.jpg,,,,,,,,,,,,,,,,
657.jpg,,,,,,,,,,,,,,,,
658.jpg,,,,,,,,,,,,,,,,
659.jpg,,,,,,,,,,,,,,,,
660.jpg,,,,,,,,,,,,,,,,
661.jpg,,,,,,,,,,,,,,,,
662.jpg,,,,,,,,,,,,,,,,
663.jpg,,,,,,,,,,,,,,,,
664.jpg,,,,,,,,,,,,,,,,
665.jpg,,,,,,,,,,,,,,,,
666.jpg,,,,,,,,,,,,,,,,
667.jpg,,,,,,,,,,,,,,,,
668.jpg,,,,,,,,,,,,,,,,
669.jpg,,,,,,,,,,,,,,,,
670.jpg,,,,,,,,,,,,,,,,
671.jpg,,,,,,,,,,,,,,,,
672.jpg,,,,,,,,,,,,,,,,
673.jpg,,,,,,,,,,,,,,,,
674.jpg,,,,,,,,,,,,,,,,
675.jpg,,,,,,,,,,,,,,,,
676.jpg,,,,,,,,,,,,,,,,
677.jpg,,,,,,,,,,,,,,,,
678.jpg,,,,,,,,,,,,,,,,
679.jpg,,,,,,,,,,,,,,,,
680.jpg,,,,,,,,,,,,,,,,
681.jpg,,,,,,,,,,,,,,,,
682.jpg,,,,,,,,,,,,,,,,
683.jpg,,,,,,,,,,,,,,,,
684.jpg,,,,,,,,,,,,,,,,
685.jpg,,,,,,,,,,,,,,,,
686.jpg,,,,,,,,,,,,,,,,
687.jpg,,,,,,,,,,,,,,,,
688.jpg,,,,,,,,,,,,,,,,
689.jpg,,,,,,,,,,,,,,,,
690.jpg,,,,,,,,,,,,,,,,
691.jpg,,,,,,,,,,,,,,,,
692.jpg,,,,,,,,,,,,,,,,
693.jpg,,,,,,,,,,,,,,,,
694.jpg,,,,,,,,,,,,,,,,
695.jpg,,,,,,,,,,,,,,,,
696.jpg,,,,,,,,,,,,,,,,
697.jpg,,,,,,,,,,,,,,,,
698.jpg,,,,,,,,,,,,,,,,
699.jpg,,,,,,,,,,,,,,,,
700.jpg,,,,,,,,,,,,,,,,
701.jpg,,,,,,,,,,,,,,,,
702.jpg,,,,,,,,,,,,,,,,
703.jpg,,,,,,,,,,,,,,,,
704.jpg,,,,,,,,,,,,,,,,
705.jpg,,,,,,,,,,,,,,,,
706.jpg,,,,,,,,,,,,,,,,
707.jpg,,,,,,,,,,,,,,,,
708.jpg,,,,,,,,,,,,,,,,
709.jpg,,,,,,,,,,,,,,,,
710.jpg,,,,,,,,,,,,,,,,
711.jpg,,,,,,,,,,,,,,,,
712.jpg,,,,,,,,,,,,,,,,
713.jpg,,,,,,,,,,,,,,,,
714.jpg,,,,,,,,,,,,,,,,
715.jpg,,,,,,,,,,,,,,,,
716.jpg,,,,,,,,,,,,,,,,
717.jpg,,,,,,,,,,,,,,,,
718.jpg,,,,,,,,,,,,,,,,
719.jpg,,,,,,,,,,,,,,,,
720.jpg,,,,,,,,,,,,,,,,
721.jpg,,,,,,,,,,,,,,,,
722.jpg,,,,,,,,,,,,,,,,
723.jpg,,,,,,,,,,,,,,,,
724.jpg,,,,,,,,,,,,,,,,
725.jpg,,,,,,,,,,,,,,,,
726.jpg,,,,,,,,,,,,,,,,
727.jpg,,,,,,,,,,,,,,,,
728.jpg,,,,,,,,,,,,,,,,
729.jpg,,,,,,,,,,,,,,,,
730.jpg,,,,,,,,,,,,,,,,
731.jpg,,,,,,,,,,,,,,,,
732.jpg,,,,,,,,,,,,,,,,
733.jpg,,,,,,,,,,,,,,,,
734.jpg,,,,,,,,,,,,,,,,
735.jpg,,,,,,,,,,,,,,,,
736.jpg,,,,,,,,,,,,,,,,
737.jpg,,,,,,,,,,,,,,,,
738.jpg,,,,,,,,,,,,,,,,
739.jpg,,,,,,,,,,,,,,,,
740.jpg,,,,,,,,,,,,,,,,
741.jpg,,,,,,,,,,,,,,,,
742.jpg,,,,,,,,,,,,,,,,
743.jpg,,,,,,,,,,,,,,,,
744.jpg,,,,,,,,,,,,,,,,
745.jpg,,,,,,,,,,,,,,,,
746.jpg,,,,,,,,,,,,,,,,
747.jpg,,,,,,,,,,,,,,,,
748.jpg,,,,,,,,,,,,,,,,
749.jpg,,,,,,,,,,,,,,,,
750.jpg,,,,,,,,,,,,,,,,
751.jpg,,,,,,,,,,,,,,,,
752.jpg,,,,,,,,,,,,,,,,
753.jpg,,,,,,,,,,,,,,,,
754.jpg,,,,,,,,,,,,,,,,
755.jpg,,,,,,,,,,,,,,,,
756.jpg,,,,,,,,,,,,,,,,
757.jpg,,,,,,,,,,,,,,,,
758.jpg,,,,,,,,,,,,,,,,
759.jpg,,,,,,,,,,,,,,,,
760.jpg,,,,,,,,,,,,,,,,
761.jpg,,,,,,,,,,,,,,,,
762.jpg,,,,,,,,,,,,,,,,
763.jpg,,,,,,,,,,,,,,,,
764.jpg,,,,,,,,,,,,,,,,
765.jpg,,,,,,,,,,,,,,,,
766.jpg,,,,,,,,,,,,,,,,
767.jpg,,,,,,,,,,,,,,,,
768.jpg,,,,,,,,,,,,,,,,
769.jpg,,,,,,,,,,,,,,,,
770.jpg,,,,,,,,,,,,,,,,
771.jpg,,,,,,,,,,,,,,,,
772.jpg,,,,,,,,,,,,,,,,
773.jpg,,,,,,,,,,,,,,,,
774.jpg,,,,,,,,,,,,,,,,
775.jpg,,,,,,,,,,,,,,,,
776.jpg,,,,,,,,,,,,,,,,
777.jpg,,,,,,,,,,,,,,,,
778.jpg,,,,,,,,,,,,,,,,
779.jpg,,,,,,,,,,,,,,,,
780.jpg,,,,,,,,,,,,,,,,
781.jpg,,,,,,,,,,,,,,,,
782.jpg,,,,,,,,,,,,,,,,
783.jpg,,,,,,,,,,,,,,,,
784.jpg,,,,,,,,,,,,,,,,
785.jpg,,,,,,,,,,,,,,,,
786.jpg,,,,,,,,,,,,,,,,
787.jpg,,,,,,,,,,,,,,,,
788.jpg,,,,,,,,,,,,,,,,
789.jpg,,,,,,,,,,,,,,,,
790.jpg,,,,,,,,,,,,,,,,
791.jpg,,,,,,,,,,,,,,,,
792.jpg,,,,,,,,,,,,,,,,
793.jpg,,,,,,,,,,,,,,,,
794.jpg,,,,,,,,,,,,,,,,
795.jpg,,,,,,,,,,,,,,,,
796.jpg,,,,,,,,,,,,,,,,
797.jpg,,,,,,,,,,,,,,,,
798.jpg,,,,,,,,,,,,,,,,
799.jpg,,,,,,,,,,,,,,,,
800.jpg,,,,,,,,,,,,,,,,
801.jpg,,,,,,,,,,,,,,,,
802.jpg,,,,,,,,,,,,,,,,
803.jpg,,,,,,,,,,,,,,,,
804.jpg,,,,,,,,,,,,,,,,
805.jpg,,,,,,,,,,,,,,,,
806.jpg,,,,,,,,,,,,,,,,
807.jpg,,,,,,,,,,,,,,,,
808.jpg,,,,,,,,,,,,,,,,
809.jpg,,,,,,,,,,,,,,,,
810.jpg,,,,,,,,,,,,,,,,
811.png,,,,,,,,,,,,,,,,
812.png,,,,,,,,,,,,,,,,
813.png,,,,,,,,,,,,,,,,
814.png,,,,,,,,,,,,,,,,
815.png,,,,,,,,,,,,,,,,
816.png,,,,,,,,,,,,,,,,
817.png,,,,,,,,,,,,,,,,
818.jpg,,,,,,,,,,,,,,,,
819.jpg,,,,,,,,,,,,,,,,
820.jpg,,,,,,,,,,,,,,,,
821.jpg,,,,,,,,,,,,,,,,
822.png,,,,,,,,,,,,,,,,
823.png,,,,,,,,,,,,,,,,
824.png,,,,,,,,,,,,,,,,
825.jpg,,,,,,,,,,,,,,,,
826.png,,,,,,,,,,,,,,,,
827.png,,,,,,,,,,,,,,,,
828.png,,,,,,,,,,,,,,,,
829.png,,,,,,,,,,,,,,,,
830.png,,,,,,,,,,,,,,,,
831.png,,,,,,,,,,,,,,,,
832.png,,,,,,,,,,,,,,,,
833.png,,,,,,,,,,,,,,,,
834.png,,,,,,,,,,,,,,,,
835.png,,,,,,,,,,,,,,,,
836.png,,,,,,,,,,,,,,,,
837.png,,,,,,,,,,,,,,,,
838.png,,,,,,,,,,,,,,,,
839.png,,,,,,,,,,,,,,,,
840.png,,,,,,,,,,,,,,,,
841.png,,,,,,,,,,,,,,,,
842.png,,,,,,,,,,,,,,,,
843.png,,,,,,,,,,,,,,,,
844.png,,,,,,,,,,,,,,,,
845.png,,,,,,,,,,,,,,,,
846.png,,,,,,,,,,,,,,,,
847.png,,,,,,,,,,,,,,,,
848.png,,,,,,,,,,,,,,,,
849.png,,,,,,,,,,,,,,,,
850.png,,,,,,,,,,,,,,,,
851.jpg,,,,,,,,,,,,,,,,
852.jpg,,,,,,,,,,,,,,,,
853.jpg,,,,,,,,,,,,,,,,
854.jpg,,,,,,,,,,,,,,,,
855.jpg,,,,,,,,,,,,,,,,
856.jpg,,,,,,,,,,,,,,,,
857.jpg,,,,,,,,,,,,,,,,
858.jpg,,,,,,,,,,,,,,,,
859.jpg,,,,,,,,,,,,,,,,
860.jpg,,,,,,,,,,,,,,,,
861.jpg,,,,,,,,,,,,,,,,
862.jpg,,,,,,,,,,,,,,,,
863.jpg,,,,,,,,,,,,,,,,
864.jpg,,,,,,,,,,,,,,,,
865.jpg,,,,,,,,,,,,,,,,
866.jpg,,,,,,,,,,,,,,,,
867.jpg,,,,,,,,,,,,,,,,
868.jpg,,,,,,,,,,,,,,,,
869.jpg,,,,,,,,,,,,,,,,
870.jpg,,,,,,,,,,,,,,,,
871.jpg,,,,,,,,,,,,,,,,
872.jpg,,,,,,,,,,,,,,,,
873.jpg,,,,,,,,,,,,,,,,
874.jpg,,,,,,,,,,,,,,,,
875.jpg,,,,,,,,,,,,,,,,
876.jpg,,,,,,,,,,,,,,,,
877.jpg,,,,,,,,,,,,,,,,
878.jpg,,,,,,,,,,,,,,,,
879.jpg,,,,,,,,,,,,,,,,
880.jpg,,,,,,,,,,,,,,,,
881.jpg,,,,,,,,,,,,,,,,
882.jpg,,,,,,,,,,,,,,,,
883.jpg,,,,,,,,,,,,,,,,
884.jpg,,,,,,,,,,,,,,,,
885.jpg,,,,,,,,,,,,,,,,
886.jpg,,,,,,,,,,,,,,,,
887.jpg,,,,,,,,,,,,,,,,
888.jpg,,,,,,,,,,,,,,,,
889.jpg,,,,,,,,,,,,,,,,
890.jpg,,,,,,,,,,,,,,,,
891.jpg,,,,,,,,,,,,,,,,
892.jpg,,,,,,,,,,,,,,,,
893.jpg,,,,,,,,,,,,,,,,
894.jpg,,,,,,,,,,,,,,,,
895.jpg,,,,,,,,,,,,,,,,
896.jpg,,,,,,,,,,,,,,,,
897.jpg,,,,,,,,,,,,,,,,
898.jpg,,,,,,,,,,,,,,,,
899.jpg,,,,,,,,,,,,,,,,
900.jpg,,,,,,,,,,,,,,,,
901.jpg,,,,,,,,,,,,,,,,
902.jpeg,,,,,,,,,,,,,,,,
903.jpeg,,,,,,,,,,,,,,,,
904.jpeg,,,,,,,,,,,,,,,,
905.jpeg,,,,,,,,,,,,,,,,
906.jpeg,,,,,,,,,,,,,,,,
907.jpeg,,,,,,,,,,,,,,,,
908.jpeg,,,,,,,,,,,,,,,,
909.jpeg,,,,,,,,,,,,,,,,
910.jpeg,,,,,,,,,,,,,,,,
911.jpeg,,,,,,,,,,,,,,,,
912.jpeg,,,,,,,,,,,,,,,,
913.jpeg,,,,,,,,,,,,,,,,
914.jpeg,,,,,,,,,,,,,,,,
915.jpeg,,,,,,,,,,,,,,,,
916.jpeg,,,,,,,,,,,,,,,,
917.jpeg,,,,,,,,,,,,,,,,
918.jpeg,,,,,,,,,,,,,,,,
919.jpeg,,,,,,,,,,,,,,,,
920.jpeg,,,,,,,,,,,,,,,,
921.jpeg,,,,,,,,,,,,,,,,
922.jpeg,,,,,,,,,,,,,,,,
923.jpeg,,,,,,,,,,,,,,,,
924.jpeg,,,,,,,,,,,,,,,,
925.jpeg,,,,,,,,,,,,,,,,
926.jpeg,,,,,,,,,,,,,,,,
927.jpeg,,,,,,,,,,,,,,,,
928.jpeg,,,,,,,,,,,,,,,,
929.jpeg,,,,,,,,,,,,,,,,
930.jpeg,,,,,,,,,,,,,,,,
931.jpeg,,,,,,,,,,,,,,,,
932.jpeg,,,,,,,,,,,,,,,,
933.jpeg,,,,,,,,,,,,,,,,
934.jpeg,,,,,,,,,,,,,,,,
935.jpeg,,,,,,,,,,,,,,,,
936.jpeg,,,,,,,,,,,,,,,,
937.jpeg,,,,,,,,,,,,,,,,
938.jpeg,,,,,,,,,,,,,,,,
939.jpeg,,,,,,,,,,,,,,,,
940.jpeg,,,,,,,,,,,,,,,,
941.jpeg,,,,,,,,,,,,,,,,
942.jpeg,,,,,,,,,,,,,,,,
943.jpeg,,,,,,,,,,,,,,,,
944.jpeg,,,,,,,,,,,,,,,,
945.jpeg,,,,,,,,,,,,,,,,
946.jpeg,,,,,,,,,,,,,,,,
947.jpeg,,,,,,,,,,,,,,,,
948.jpeg,,,,,,,,,,,,,,,,
949.jpeg,,,,,,,,,,,,,,,,
950.jpeg,,,,,,,,,,,,,,,,
951.jpeg,,,,,,,,,,,,,,,,
952.jpeg,,,,,,,,,,,,,,,,
953.jpeg,,,,,,,,,,,,,,,,
954.jpeg,,,,,,,,,,,,,,,,
955.jpeg,,,,,,,,,,,,,,,,
956.jpeg,,,,,,,,,,,,,,,,
957.jpeg,,,,,,,,,,,,,,,,
958.jpeg,,,,,,,,,,,,,,,,
959.jpeg,,,,,,,,,,,,,,,,
960.jpeg,,,,,,,,,,,,,,,,
961.jpeg,,,,,,,,,,,,,,,,
962.jpeg,,,,,,,,,,,,,,,,
963.jpeg,,,,,,,,,,,,,,,,
964.jpeg,,,,,,,,,,,,,,,,
965.jpeg,,,,,,,,,,,,,,,,
966.jpeg,,,,,,,,,,,,,,,,
967.jpeg,,,,,,,,,,,,,,,,
968.jpeg,,,,,,,,,,,,,,,,
969.jpeg,,,,,,,,,,,,,,,,
970.jpeg,,,,,,,,,,,,,,,,
971.jpeg,,,,,,,,,,,,,,,,
972.jpeg,,,,,,,,,,,,,,,,
973.jpeg,,,,,,,,,,,,,,,,
974.jpeg,,,,,,,,,,,,,,,,
975.jpeg,,,,,,,,,,,,,,,,
976.jpeg,,,,,,,,,,,,,,,,
977.jpeg,,,,,,,,,,,,,,,,
978.jpeg,,,,,,,,,,,,,,,,
979.jpeg,,,,,,,,,,,,,,,,
980.jpeg,,,,,,,,,,,,,,,,
981.jpeg,,,,,,,,,,,,,,,,
982.jpeg,,,,,,,,,,,,,,,,
983.jpeg,,,,,,,,,,,,,,,,
984.jpeg,,,,,,,,,,,,,,,,
985.jpeg,,,,,,,,,,,,,,,,
986.jpeg,,,,,,,,,,,,,,,,
987.jpeg,,,,,,,,,,,,,,,,
988.jpeg,,,,,,,,,,,,,,,,
989.jpeg,,,,,,,,,,,,,,,,
990.jpeg,,,,,,,,,,,,,,,,
991.jpeg,,,,,,,,,,,,,,,,
992.jpeg,,,,,,,,,,,,,,,,
993.jpeg,,,,,,,,,,,,,,,,
994.jpeg,,,,,,,,,,,,,,,,
995.jpeg,,,,,,,,,,,,,,,,
996.jpeg,,,,,,,,,,,,,,,,
997.jpeg,,,,,,,,,,,,,,,,
998.jpeg,,,,,,,,,,,,,,,,
999.jpeg,,,,,,,,,,,,,,,,
1000.jpeg,,,,,,,,,,,,,,,,
1001.jpeg,,,,,,,,,,,,,,,,
1002.jpeg,,,,,,,,,,,,,,,,
1003.jpeg,,,,,,,,,,,,,,,,
1004.jpeg,,,,,,,,,,,,,,,,
1005.jpeg,,,,,,,,,,,,,,,,
1006.jpeg,,,,,,,,,,,,,,,,
1007.jpeg,,,,,,,,,,,,,,,,
1008.jpeg,,,,,,,,,,,,,,,,
1009.jpeg,,,,,,,,,,,,,,,,
1010.jpeg,,,,,,,,,,,,,,,,
1011.jpeg,,,,,,,,,,,,,,,,
1012.jpeg,,,,,,,,,,,,,,,,
1013.jpeg,,,,,,,,,,,,,,,,
1014.jpeg,,,,,,,,,,,,,,,,
1015.jpeg,,,,,,,,,,,,,,,,
1016.jpeg,,,,,,,,,,,,,,,,
1017.jpeg,,,,,,,,,,,,,,,,
1018.jpeg,,,,,,,,,,,,,,,,
1019.jpeg,,,,,,,,,,,,,,,,
1020.jpeg,,,,,,,,,,,,,,,,
1021.jpeg,,,,,,,,,,,,,,,,
1022.jpeg,,,,,,,,,,,,,,,,
1023.jpeg,,,,,,,,,,,,,,,,
1024.jpeg,,,,,,,,,,,,,,,,
1025.jpeg,,,,,,,,,,,,,,,,
1026.jpeg,,,,,,,,,,,,,,,,
1027.jpeg,,,,,,,,,,,,,,,,
1028.jpeg,,,,,,,,,,,,,,,,
1029.jpeg,,,,,,,,,,,,,,,,
1030.jpeg,,,,,,,,,,,,,,,,
1031.jpeg,,,,,,,,,,,,,,,,
1032.jpeg,,,,,,,,,,,,,,,,
1033.jpeg,,,,,,,,,,,,,,,,
1034.jpeg,,,,,,,,,,,,,,,,
1035.jpeg,,,,,,,,,,,,,,,,
1036.jpeg,,,,,,,,,,,,,,,,
1037.jpeg,,,,,,,,,,,,,,,,
1038.jpeg,,,,,,,,,,,,,,,,
1039.jpeg,,,,,,,,,,,,,,,,
1040.jpeg,,,,,,,,,,,,,,,,
1041.jpeg,,,,,,,,,,,,,,,,
1042.jpeg,,,,,,,,,,,,,,,,
1043.jpeg,,,,,,,,,,,,,,,,
1044.jpeg,,,,,,,,,,,,,,,,
1045.jpeg,,,,,,,,,,,,,,,,
1046.jpeg,,,,,,,,,,,,,,,,
1047.jpeg,,,,,,,,,,,,,,,,
1048.jpeg,,,,,,,,,,,,,,,,
1049.jpeg,,,,,,,,,,,,,,,,
1050.jpeg,,,,,,,,,,,,,,,,
1051.jpeg,,,,,,,,,,,,,,,,
1052.jpeg,,,,,,,,,,,,,,,,
1053.jpeg,,,,,,,,,,,,,,,,
1054.jpeg,,,,,,,,,,,,,,,,
1055.jpeg,,,,,,,,,,,,,,,,
1056.jpeg,,,,,,,,,,,,,,,,
1057.jpeg,,,,,,,,,,,,,,,,
1058.jpeg,,,,,,,,,,,,,,,,
1059.jpeg,,,,,,,,,,,,,,,,
1060.jpeg,,,,,,,,,,,,,,,,
1061.jpeg,,,,,,,,,,,,,,,,
1062.jpeg,,,,,,,,,,,,,,,,
1063.jpeg,,,,,,,,,,,,,,,,
1064.jpeg,,,,,,,,,,,,,,,,
1065.jpeg,,,,,,,,,,,,,,,,
1066.jpeg,,,,,,,,,,,,,,,,
1067.jpeg,,,,,,,,,,,,,,,,
1068.jpeg,,,,,,,,,,,,,,,,
1069.jpeg,,,,,,,,,,,,,,,,
1070.jpeg,,,,,,,,,,,,,,,,
1071.jpeg,,,,,,,,,,,,,,,,
1072.jpeg,,,,,,,,,,,,,,,,
1073.jpeg,,,,,,,,,,,,,,,,
1074.jpeg,,,,,,,,,,,,,,,,
1075.jpeg,,,,,,,,,,,,,,,,
1076.jpeg,,,,,,,,,,,,,,,,
1077.jpeg,,,,,,,,,,,,,,,,
1078.jpeg,,,,,,,,,,,,,,,,
1079.jpeg,,,,,,,,,,,,,,,,
1080.jpeg,,,,,,,,,,,,,,,,
1081.jpeg,,,,,,,,,,,,,,,,
1082.jpeg,,,,,,,,,,,,,,,,
1083.jpeg,,,,,,,,,,,,,,,,
1084.jpeg,,,,,,,,,,,,,,,,
1085.jpeg,,,,,,,,,,,,,,,,
1086.jpeg,,,,,,,,,,,,,,,,
1087.jpeg,,,,,,,,,,,,,,,,
1088.jpeg,,,,,,,,,,,,,,,,
1089.jpeg,,,,,,,,,,,,,,,,
1090.jpeg,,,,,,,,,,,,,,,,
1091.jpeg,,,,,,,,,,,,,,,,
1092.jpeg,,,,,,,,,,,,,,,,
1093.jpeg,,,,,,,,,,,,,,,,
1094.jpeg,,,,,,,,,,,,,,,,
1095.jpeg,,,,,,,,,,,,,,,,
1096.jpeg,,,,,,,,,,,,,,,,
1097.jpeg,,,,,,,,,,,,,,,,
1098.jpeg,,,,,,,,,,,,,,,,
1099.jpeg,,,,,,,,,,,,,,,,
1100.jpeg,,,,,,,,,,,,,,,,
1101.jpeg,,,,,,,,,,,,,,,,
1102.jpeg,,,,,,,,,,,,,,,,
1103.jpeg,,,,,,,,,,,,,,,,
1104.jpeg,,,,,,,,,,,,,,,,
1105.jpeg,,,,,,,,,,,,,,,,
1106.jpeg,,,,,,,,,,,,,,,,
1107.jpeg,,,,,,,,,,,,,,,,
1108.jpeg,,,,,,,,,,,,,,,,
1109.jpeg,,,,,,,,,,,,,,,,
1110.jpeg,,,,,,,,,,,,,,,,
1111.jpeg,,,,,,,,,,,,,,,,
1112.jpeg,,,,,,,,,,,,,,,,
1113.jpeg,,,,,,,,,,,,,,,,
1114.jpeg,,,,,,,,,,,,,,,,
1115.jpeg,,,,,,,,,,,,,,,,
1116.jpeg,,,,,,,,,,,,,,,,
1117.jpeg,,,,,,,,,,,,,,,,
1118.jpeg,,,,,,,,,,,,,,,,
1119.jpeg,,,,,,,,,,,,,,,,
1120.jpeg,,,,,,,,,,,,,,,,
1121.jpeg,,,,,,,,,,,,,,,,
1122.jpeg,,,,,,,,,,,,,,,,
1123.jpeg,,,,,,,,,,,,,,,,
1124.jpeg,,,,,,,,,,,,,,,,
1125.jpeg,,,,,,,,,,,,,,,,
1126.jpeg,,,,,,,,,,,,,,,,
1127.jpeg,,,,,,,,,,,,,,,,
1128.jpeg,,,,,,,,,,,,,,,,
1129.jpeg,,,,,,,,,,,,,,,,
1130.jpeg,,,,,,,,,,,,,,,,
1131.jpeg,,,,,,,,,,,,,,,,
1132.jpeg,,,,,,,,,,,,,,,,
1133.jpeg,,,,,,,,,,,,,,,,
1134.jpeg,,,,,,,,,,,,,,,,
1135.jpeg,,,,,,,,,,,,,,,,
1136.jpeg,,,,,,,,,,,,,,,,
1137.jpeg,,,,,,,,,,,,,,,,
1138.jpeg,,,,,,,,,,,,,,,,
1139.jpeg,,,,,,,,,,,,,,,,
1140.jpeg,,,,,,,,,,,,,,,,
1141.jpeg,,,,,,,,,,,,,,,,
1142.jpeg,,,,,,,,,,,,,,,,
1143.jpeg,,,,,,,,,,,,,,,,
1144.jpeg,,,,,,,,,,,,,,,,
1145.jpeg,,,,,,,,,,,,,,,,
1146.jpeg,,,,,,,,,,,,,,,,
1147.jpeg,,,,,,,,,,,,,,,,
1148.jpeg,,,,,,,,,,,,,,,,
1149.jpeg,,,,,,,,,,,,,,,,
1150.jpeg,,,,,,,,,,,,,,,,
1151.jpeg,,,,,,,,,,,,,,,,
1152.jpeg,,,,,,,,,,,,,,,,
1153.jpeg,,,,,,,,,,,,,,,,
1154.jpeg,,,,,,,,,,,,,,,,
1155.jpeg,,,,,,,,,,,,,,,,
1156.jpeg,,,,,,,,,,,,,,,,
1157.jpeg,,,,,,,,,,,,,,,,
1158.jpeg,,,,,,,,,,,,,,,,
1159.jpeg,,,,,,,,,,,,,,,,
1160.jpeg,,,,,,,,,,,,,,,,
1161.jpeg,,,,,,,,,,,,,,,,
1162.jpeg,,,,,,,,,,,,,,,,
1163.jpeg,,,,,,,,,,,,,,,,
1164.jpeg,,,,,,,,,,,,,,,,
1165.jpeg,,,,,,,,,,,,,,,,
1166.jpeg,,,,,,,,,,,,,,,,
1167.jpeg,,,,,,,,,,,,,,,,
1168.jpeg,,,,,,,,,,,,,,,,
1169.jpeg,,,,,,,,,,,,,,,,
1170.jpeg,,,,,,,,,,,,,,,,
1171.jpeg,,,,,,,,,,,,,,,,
1172.jpeg,,,,,,,,,,,,,,,,
1173.jpeg,,,,,,,,,,,,,,,,
1174.jpeg,,,,,,,,,,,,,,,,
1175.jpeg,,,,,,,,,,,,,,,,
1176.jpeg,,,,,,,,,,,,,,,,
1177.jpeg,,,,,,,,,,,,,,,,
1178.jpeg,,,,,,,,,,,,,,,,
1179.jpeg,,,,,,,,,,,,,,,,
1180.jpeg,,,,,,,,,,,,,,,,
1181.jpeg,,,,,,,,,,,,,,,,
1182.jpeg,,,,,,,,,,,,,,,,
1183.jpeg,,,,,,,,,,,,,,,,
1184.jpeg,,,,,,,,,,,,,,,,
1185.jpeg,,,,,,,,,,,,,,,,
1186.jpeg,,,,,,,,,,,,,,,,
1187.jpeg,,,,,,,,,,,,,,,,
1188.jpeg,,,,,,,,,,,,,,,,
1189.jpeg,,,,,,,,,,,,,,,,
1190.jpeg,,,,,,,,,,,,,,,,
1191.jpeg,,,,,,,,,,,,,,,,
1192.jpeg,,,,,,,,,,,,,,,,
1193.jpeg,,,,,,,,,,,,,,,,
1194.jpeg,,,,,,,,,,,,,,,,
1195.jpeg,,,,,,,,,,,,,,,,
1196.jpeg,,,,,,,,,,,,,,,,
1197.jpeg,,,,,,,,,,,,,,,,
1198.jpeg,,,,,,,,,,,,,,,,
1199.jpeg,,,,,,,,,,,,,,,,
1200.jpeg,,,,,,,,,,,,,,,,
1201.jpeg,,,,,,,,,,,,,,,,
1202.jpeg,,,,,,,,,,,,,,,,
1203.jpeg,,,,,,,,,,,,,,,,
1204.jpeg,,,,,,,,,,,,,,,,
1205.jpeg,,,,,,,,,,,,,,,,
1206.jpeg,,,,,,,,,,,,,,,,
1207.jpeg,,,,,,,,,,,,,,,,
1208.jpeg,,,,,,,,,,,,,,,,
1209.jpeg,,,,,,,,,,,,,,,,
1210.jpeg,,,,,,,,,,,,,,,,
1211.jpeg,,,,,,,,,,,,,,,,
1212.jpeg,,,,,,,,,,,,,,,,
1213.jpeg,,,,,,,,,,,,,,,,
1214.jpeg,,,,,,,,,,,,,,,,
1215.jpeg,,,,,,,,,,,,,,,,
1216.jpeg,,,,,,,,,,,,,,,,
1217.jpeg,,,,,,,,,,,,,,,,
1218.jpeg,,,,,,,,,,,,,,,,
1219.jpeg,,,,,,,,,,,,,,,,
1220.jpeg,,,,,,,,,,,,,,,,
1221.jpeg,,,,,,,,,,,,,,,,
1222.jpeg,,,,,,,,,,,,,,,,
1223.jpeg,,,,,,,,,,,,,,,,
1224.jpeg,,,,,,,,,,,,,,,,
1225.jpeg,,,,,,,,,,,,,,,,
1226.jpeg,,,,,,,,,,,,,,,,
1227.jpeg,,,,,,,,,,,,,,,,
1228.jpeg,,,,,,,,,,,,,,,,
1229.jpeg,,,,,,,,,,,,,,,,
1230.jpeg,,,,,,,,,,,,,,,,
1231.jpeg,,,,,,,,,,,,,,,,
1232.jpeg,,,,,,,,,,,,,,,,
1233.jpeg,,,,,,,,,,,,,,,,
1234.jpeg,,,,,,,,,,,,,,,,
1235.jpeg,,,,,,,,,,,,,,,,
1236.jpeg,,,,,,,,,,,,,,,,
1237.jpeg,,,,,,,,,,,,,,,,
1238.jpeg,,,,,,,,,,,,,,,,
1239.jpeg,,,,,,,,,,,,,,,,
1240.jpeg,,,,,,,,,,,,,,,,
1241.jpeg,,,,,,,,,,,,,,,,
1242.jpeg,,,,,,,,,,,,,,,,
1243.jpeg,,,,,,,,,,,,,,,,
1244.jpeg,,,,,,,,,,,,,,,,
1245.jpeg,,,,,,,,,,,,,,,,
1246.jpeg,,,,,,,,,,,,,,,,
1247.jpeg,,,,,,,,,,,,,,,,
1248.jpeg,,,,,,,,,,,,,,,,
1249.jpeg,,,,,,,,,,,,,,,,
1250.jpeg,,,,,,,,,,,,,,,,
1251.jpeg,,,,,,,,,,,,,,,,
1252.jpeg,,,,,,,,,,,,,,,,
1253.jpeg,,,,,,,,,,,,,,,,
1254.jpeg,,,,,,,,,,,,,,,,
1255.jpeg,,,,,,,,,,,,,,,,
1256.jpeg,,,,,,,,,,,,,,,,
1257.jpeg,,,,,,,,,,,,,,,,
1258.jpeg,,,,,,,,,,,,,,,,
1259.jpeg,,,,,,,,,,,,,,,,
1260.jpeg,,,,,,,,,,,,,,,,
1261.jpeg,,,,,,,,,,,,,,,,
1262.jpeg,,,,,,,,,,,,,,,,
1263.jpeg,,,,,,,,,,,,,,,,
1264.jpeg,,,,,,,,,,,,,,,,
1265.jpeg,,,,,,,,,,,,,,,,
1266.jpeg,,,,,,,,,,,,,,,,
1267.jpeg,,,,,,,,,,,,,,,,
1268.jpeg,,,,,,,,,,,,,,,,
1269.jpeg,,,,,,,,,,,,,,,,
1270.jpeg,,,,,,,,,,,,,,,,
1271.jpeg,,,,,,,,,,,,,,,,
1272.jpeg,,,,,,,,,,,,,,,,
1273.jpeg,,,,,,,,,,,,,,,,
1274.jpeg,,,,,,,,,,,,,,,,
1275.jpeg,,,,,,,,,,,,,,,,
1276.jpeg,,,,,,,,,,,,,,,,
1277.jpeg,,,,,,,,,,,,,,,,
1278.jpeg,,,,,,,,,,,,,,,,
1279.jpeg,,,,,,,,,,,,,,,,
1280.jpeg,,,,,,,,,,,,,,,,
1281.jpeg,,,,,,,,,,,,,,,,
1282.jpeg,,,,,,,,,,,,,,,,
1283.jpeg,,,,,,,,,,,,,,,,
1284.jpeg,,,,,,,,,,,,,,,,
1285.jpeg,,,,,,,,,,,,,,,,
1286.jpeg,,,,,,,,,,,,,,,,
1287.jpeg,,,,,,,,,,,,,,,,
1288.jpeg,,,,,,,,,,,,,,,,
1289.jpeg,,,,,,,,,,,,,,,,
1290.jpeg,,,,,,,,,,,,,,,,
1291.jpeg,,,,,,,,,,,,,,,,
1292.jpeg,,,,,,,,,,,,,,,,
1293.jpeg,,,,,,,,,,,,,,,,
1294.jpeg,,,,,,,,,,,,,,,,
1295.jpeg,,,,,,,,,,,,,,,,
1296.jpeg,,,,,,,,,,,,,,,,
1297.jpeg,,,,,,,,,,,,,,,,
1298.jpeg,,,,,,,,,,,,,,,,
1299.jpeg,,,,,,,,,,,,,,,,
1300.jpeg,,,,,,,,,,,,,,,,
1301.jpeg,,,,,,,,,,,,,,,,
1302.jpeg,,,,,,,,,,,,,,,,
1303.jpeg,,,,,,,,,,,,,,,,
1304.jpeg,,,,,,,,,,,,,,,,
1305.jpeg,,,,,,,,,,,,,,,,
1306.jpeg,,,,,,,,,,,,,,,,
1307.jpeg,,,,,,,,,,,,,,,,
1308.jpeg,,,,,,,,,,,,,,,,
1309.jpeg,,,,,,,,,,,,,,,,
1310.jpeg,,,,,,,,,,,,,,,,
1311.jpeg,,,,,,,,,,,,,,,,
1312.jpeg,,,,,,,,,,,,,,,,
1313.jpeg,,,,,,,,,,,,,,,,
1314.jpeg,,,,,,,,,,,,,,,,
1315.jpeg,,,,,,,,,,,,,,,,
1316.jpeg,,,,,,,,,,,,,,,,
1317.jpeg,,,,,,,,,,,,,,,,
1318.jpeg,,,,,,,,,,,,,,,,
1319.jpeg,,,,,,,,,,,,,,,,
1320.jpeg,,,,,,,,,,,,,,,,
1321.jpeg,,,,,,,,,,,,,,,,
1322.jpeg,,,,,,,,,,,,,,,,
1323.jpeg,,,,,,,,,,,,,,,,
1324.jpeg,,,,,,,,,,,,,,,,
1325.jpeg,,,,,,,,,,,,,,,,
1326.jpeg,,,,,,,,,,,,,,,,
1327.jpeg,,,,,,,,,,,,,,,,
1328.jpeg,,,,,,,,,,,,,,,,
1329.jpeg,,,,,,,,,,,,,,,,
1330.jpeg,,,,,,,,,,,,,,,,
1331.jpeg,,,,,,,,,,,,,,,,
1332.jpeg,,,,,,,,,,,,,,,,
1333.jpeg,,,,,,,,,,,,,,,,
1334.jpeg,,,,,,,,,,,,,,,,
1335.jpeg,,,,,,,,,,,,,,,,
1336.jpeg,,,,,,,,,,,,,,,,
1337.jpeg,,,,,,,,,,,,,,,,
1338.jpeg,,,,,,,,,,,,,,,,
1339.jpeg,,,,,,,,,,,,,,,,
1340.jpeg,,,,,,,,,,,,,,,,
1341.jpeg,,,,,,,,,,,,,,,,
1342.jpeg,,,,,,,,,,,,,,,,
1343.jpg,,,,,,,,,,,,,,,,
1344.jpg,,,,,,,,,,,,,,,,
1345.jpg,,,,,,,,,,,,,,,,
1346.jpg,,,,,,,,,,,,,,,,
1347.jpg,,,,,,,,,,,,,,,,
1348.jpg,,,,,,,,,,,,,,,,
1349.jpg,,,,,,,,,,,,,,,,
1350.jpg,,,,,,,,,,,,,,,,
1351.jpg,,,,,,,,,,,,,,,,
1352.jpg,,,,,,,,,,,,,,,,
1353.jpg,,,,,,,,,,,,,,,,
1354.jpg,,,,,,,,,,,,,,,,
1355.jpg,,,,,,,,,,,,,,,,
1356.jpg,,,,,,,,,,,,,,,,
1357.jpg,,,,,,,,,,,,,,,,
1358.jpg,,,,,,,,,,,,,,,,
1359.jpg,,,,,,,,,,,,,,,,
1360.jpg,,,,,,,,,,,,,,,,
1361.jpg,,,,,,,,,,,,,,,,
1362.jpg,,,,,,,,,,,,,,,,
1363.jpg,,,,,,,,,,,,,,,,
1364.jpg,,,,,,,,,,,,,,,,
1365.jpg,,,,,,,,,,,,,,,,
1366.jpg,,,,,,,,,,,,,,,,
1367.jpg,,,,,,,,,,,,,,,,
1368.jpg,,,,,,,,,,,,,,,,
1369.jpg,,,,,,,,,,,,,,,,
1370.jpg,,,,,,,,,,,,,,,,
1371.jpg,,,,,,,,,,,,,,,,
1372.jpg,,,,,,,,,,,,,,,,
1373.jpg,,,,,,,,,,,,,,,,
1374.jpg,,,,,,,,,,,,,,,,
1375.jpg,,,,,,,,,,,,,,,,
1376.jpg,,,,,,,,,,,,,,,,
1377.jpg,,,,,,,,,,,,,,,,
1378.jpg,,,,,,,,,,,,,,,,
1379.jpg,,,,,,,,,,,,,,,,
1380.jpg,,,,,,,,,,,,,,,,
1381.jpg,,,,,,,,,,,,,,,,
1382.jpg,,,,,,,,,,,,,,,,
1383.jpg,,,,,,,,,,,,,,,,
1384.jpg,,,,,,,,,,,,,,,,
1385.jpg,,,,,,,,,,,,,,,,
1386.jpg,,,,,,,,,,,,,,,,
1387.jpg,,,,,,,,,,,,,,,,
1388.jpg,,,,,,,,,,,,,,,,
1389.jpg,,,,,,,,,,,,,,,,
1390.jpg,,,,,,,,,,,,,,,,
1391.jpg,,,,,,,,,,,,,,,,
1392.jpg,,,,,,,,,,,,,,,,
1393.jpg,,,,,,,,,,,,,,,,
1394.jpg,,,,,,,,,,,,,,,,
1395.jpg,,,,,,,,,,,,,,,,
1396.jpg,,,,,,,,,,,,,,,,
1397.jpg,,,,,,,,,,,,,,,,
1398.jpg,,,,,,,,,,,,,,,,
1399.jpg,,,,,,,,,,,,,,,,
1400.jpg,,,,,,,,,,,,,,,,
1401.jpg,,,,,,,,,,,,,,,,
1402.jpg,,,,,,,,,,,,,,,,
1403.jpg,,,,,,,,,,,,,,,,
1404.jpg,,,,,,,,,,,,,,,,
1405.jpg,,,,,,,,,,,,,,,,
1406.jpg,,,,,,,,,,,,,,,,
1407.jpg,,,,,,,,,,,,,,,,
1408.jpg,,,,,,,,,,,,,,,,
1409.jpg,,,,,,,,,,,,,,,,
1410.jpg,,,,,,,,,,,,,,,,
1411.jpg,,,,,,,,,,,,,,,,
1412.jpg,,,,,,,,,,,,,,,,
1413.jpg,,,,,,,,,,,,,,,,
1414.jpg,,,,,,,,,,,,,,,,
1415.jpg,,,,,,,,,,,,,,,,
1416.jpg,,,,,,,,,,,,,,,,
1417.jpg,,,,,,,,,,,,,,,,
1418.jpg,,,,,,,,,,,,,,,,
1419.jpg,,,,,,,,,,,,,,,,
1420.jpg,,,,,,,,,,,,,,,,
1421.jpg,,,,,,,,,,,,,,,,
1422.jpg,,,,,,,,,,,,,,,,
1423.jpg,,,,,,,,,,,,,,,,
1424.jpg,,,,,,,,,,,,,,,,
1425.jpg,,,,,,,,,,,,,,,,
1426.jpg,,,,,,,,,,,,,,,,
1427.jpg,,,,,,,,,,,,,,,,
1428.jpg,,,,,,,,,,,,,,,,
1429.jpg,,,,,,,,,,,,,,,,
1430.jpg,,,,,,,,,,,,,,,,
1431.jpg,,,,,,,,,,,,,,,,
1432.jpg,,,,,,,,,,,,,,,,
1433.jpg,,,,,,,,,,,,,,,,
1434.jpg,,,,,,,,,,,,,,,,
1435.jpg,,,,,,,,,,,,,,,,
1436.jpg,,,,,,,,,,,,,,,,
1437.jpg,,,,,,,,,,,,,,,,
1438.jpg,,,,,,,,,,,,,,,,
1439.jpg,,,,,,,,,,,,,,,,
1440.jpg,,,,,,,,,,,,,,,,
1441.jpg,,,,,,,,,,,,,,,,
1442.jpg,,,,,,,,,,,,,,,,
1443.jpg,,,,,,,,,,,,,,,,
1444.jpg,,,,,,,,,,,,,,,,
1445.jpg,,,,,,,,,,,,,,,,
1446.jpg,,,,,,,,,,,,,,,,
1447.jpg,,,,,,,,,,,,,,,,
1448.jpg,,,,,,,,,,,,,,,,
1449.jpg,,,,,,,,,,,,,,,,
1450.jpg,,,,,,,,,,,,,,,,
1451.jpg,,,,,,,,,,,,,,,,
1452.jpg,,,,,,,,,,,,,,,,
1453.jpg,,,,,,,,,,,,,,,,
1454.jpg,,,,,,,,,,,,,,,,
1455.jpg,,,,,,,,,,,,,,,,
1456.jpg,,,,,,,,,,,,,,,,
1457.jpg,,,,,,,,,,,,,,,,
1458.jpg,,,,,,,,,,,,,,,,
1459.jpg,,,,,,,,,,,,,,,,
1460.jpg,,,,,,,,,,,,,,,,
1461.jpg,,,,,,,,,,,,,,,,
1462.jpg,,,,,,,,,,,,,,,,
1463.jpg,,,,,,,,,,,,,,,,
1464.jpg,,,,,,,,,,,,,,,,
1465.jpg,,,,,,,,,,,,,,,,
1466.jpg,,,,,,,,,,,,,,,,
1467.jpg,,,,,,,,,,,,,,,,
1468.jpg,,,,,,,,,,,,,,,,
1469.jpg,,,,,,,,,,,,,,,,
1470.jpg,,,,,,,,,,,,,,,,
1471.jpg,,,,,,,,,,,,,,,,
1472.jpg,,,,,,,,,,,,,,,,
1473.jpg,,,,,,,,,,,,,,,,
1474.jpg,,,,,,,,,,,,,,,,
1475.jpg,,,,,,,,,,,,,,,,
1476.jpg,,,,,,,,,,,,,,,,
1477.jpg,,,,,,,,,,,,,,,,
1478.jpg,,,,,,,,,,,,,,,,
1479.jpg,,,,,,,,,,,,,,,,
1480.jpg,,,,,,,,,,,,,,,,
1481.jpg,,,,,,,,,,,,,,,,
1482.jpg,,,,,,,,,,,,,,,,
1483.jpg,,,,,,,,,,,,,,,,
1484.jpg,,,,,,,,,,,,,,,,
1485.jpg,,,,,,,,,,,,,,,,
1486.jpg,,,,,,,,,,,,,,,,
1487.jpg,,,,,,,,,,,,,,,,
1488.jpg,,,,,,,,,,,,,,,,
1489.jpg,,,,,,,,,,,,,,,,
1490.jpg,,,,,,,,,,,,,,,,
1491.jpg,,,,,,,,,,,,,,,,
1492.jpg,,,,,,,,,,,,,,,,
1493.jpg,,,,,,,,,,,,,,,,
1494.jpg,,,,,,,,,,,,,,,,
1495.jpg,,,,,,,,,,,,,,,,
1496.jpg,,,,,,,,,,,,,,,,
1497.jpg,,,,,,,,,,,,,,,,
1498.jpg,,,,,,,,,,,,,,,,
1499.jpg,,,,,,,,,,,,,,,,
1500.jpg,,,,,,,,,,,,,,,,
1501.jpg,,,,,,,,,,,,,,,,
1502.jpg,,,,,,,,,,,,,,,,
1503.jpg,,,,,,,,,,,,,,,,
1504.jpg,,,,,,,,,,,,,,,,
1505.jpg,,,,,,,,,,,,,,,,
1506.jpg,,,,,,,,,,,,,,,,
1507.jpg,,,,,,,,,,,,,,,,
1508.jpg,,,,,,,,,,,,,,,,
1509.jpg,,,,,,,,,,,,,,,,
1510.jpg,,,,,,,,,,,,,,,,
1511.jpg,,,,,,,,,,,,,,,,
1512.jpg,,,,,,,,,,,,,,,,
1513.jpg,,,,,,,,,,,,,,,,
1514.jpg,,,,,,,,,,,,,,,,
1515.jpg,,,,,,,,,,,,,,,,
1516.jpg,,,,,,,,,,,,,,,,
1517.jpg,,,,,,,,,,,,,,,,
1518.jpg,,,,,,,,,,,,,,,,
1519.jpg,,,,,,,,,,,,,,,,
1520.jpg,,,,,,,,,,,,,,,,
1521.jpg,,,,,,,,,,,,,,,,
1522.jpg,,,,,,,,,,,,,,,,
1523.jpg,,,,,,,,,,,,,,,,
1524.jpg,,,,,,,,,,,,,,,,
1525.jpg,,,,,,,,,,,,,,,,
1526.jpg,,,,,,,,,,,,,,,,
1527.jpg,,,,,,,,,,,,,,,,
1528.jpg,,,,,,,,,,,,,,,,
1529.jpg,,,,,,,,,,,,,,,,
1530.jpg,,,,,,,,,,,,,,,,
1531.jpg,,,,,,,,,,,,,,,,
1532.jpg,,,,,,,,,,,,,,,,
1533.jpg,,,,,,,,,,,,,,,,
1534.jpg,,,,,,,,,,,,,,,,
1535.jpg,,,,,,,,,,,,,,,,
1536.jpg,,,,,,,,,,,,,,,,
1537.jpg,,,,,,,,,,,,,,,,
1538.jpg,,,,,,,,,,,,,,,,
1539.jpg,,,,,,,,,,,,,,,,
1540.jpg,,,,,,,,,,,,,,,,
1541.jpg,,,,,,,,,,,,,,,,
1542.jpg,,,,,,,,,,,,,,,,
1543.jpg,,,,,,,,,,,,,,,,
1544.jpg,,,,,,,,,,,,,,,,
1545.jpg,,,,,,,,,,,,,,,,
1546.jpg,,,,,,,,,,,,,,,,
1547.jpg,,,,,,,,,,,,,,,,
1548.jpg,,,,,,,,,,,,,,,,
1549.jpg,,,,,,,,,,,,,,,,
1550.jpg,,,,,,,,,,,,,,,,
1551.jpg,,,,,,,,,,,,,,,,
1552.jpg,,,,,,,,,,,,,,,,
1553.jpg,,,,,,,,,,,,,,,,
1554.jpg,,,,,,,,,,,,,,,,
1555.jpg,,,,,,,,,,,,,,,,
1556.jpg,,,,,,,,,,,,,,,,
1557.jpg,,,,,,,,,,,,,,,,
1558.jpg,,,,,,,,,,,,,,,,
1559.jpg,,,,,,,,,,,,,,,,
1560.jpg,,,,,,,,,,,,,,,,
1561.jpg,,,,,,,,,,,,,,,,
1562.jpg,,,,,,,,,,,,,,,,
1563.jpg,,,,,,,,,,,,,,,,
1564.jpg,,,,,,,,,,,,,,,,
1565.jpg,,,,,,,,,,,,,,,,
1566.jpg,,,,,,,,,,,,,,,,
1567.jpg,,,,,,,,,,,,,,,,
1568.jpg,,,,,,,,,,,,,,,,
1569.jpg,,,,,,,,,,,,,,,,
1570.jpg,,,,,,,,,,,,,,,,
1571.jpg,,,,,,,,,,,,,,,,
1572.jpg,,,,,,,,,,,,,,,,
1573.jpg,,,,,,,,,,,,,,,,
1574.jpg,,,,,,,,,,,,,,,,
1575.jpg,,,,,,,,,,,,,,,,
1576.jpg,,,,,,,,,,,,,,,,
1577.jpg,,,,,,,,,,,,,,,,
1578.jpg,,,,,,,,,,,,,,,,
1579.jpg,,,,,,,,,,,,,,,,
1580.jpg,,,,,,,,,,,,,,,,
1581.jpg,,,,,,,,,,,,,,,,
1582.jpg,,,,,,,,,,,,,,,,
1583.jpg,,,,,,,,,,,,,,,,
1584.jpg,,,,,,,,,,,,,,,,
1585.jpg,,,,,,,,,,,,,,,,
1586.jpg,,,,,,,,,,,,,,,,
1587.jpg,,,,,,,,,,,,,,,,
1588.jpg,,,,,,,,,,,,,,,,
1589.jpg,,,,,,,,,,,,,,,,
1590.jpg,,,,,,,,,,,,,,,,
1591.jpg,,,,,,,,,,,,,,,,
1592.jpg,,,,,,,,,,,,,,,,
1593.jpg,,,,,,,,,,,,,,,,
1594.jpg,,,,,,,,,,,,,,,,
1595.jpg,,,,,,,,,,,,,,,,
1596.jpg,,,,,,,,,,,,,,,,
1597.jpg,,,,,,,,,,,,,,,,
1598.jpg,,,,,,,,,,,,,,,,
1599.jpg,,,,,,,,,,,,,,,,
1600.jpg,,,,,,,,,,,,,,,,
1601.jpg,,,,,,,,,,,,,,,,
1602.jpg,,,,,,,,,,,,,,,,
1603.jpg,,,,,,,,,,,,,,,,
1604.jpg,,,,,,,,,,,,,,,,
1605.jpg,,,,,,,,,,,,,,,,
1606.jpg,,,,,,,,,,,,,,,,
1607.jpg,,,,,,,,,,,,,,,,
1608.jpg,,,,,,,,,,,,,,,,
1609.jpg,,,,,,,,,,,,,,,,
1610.jpg,,,,,,,,,,,,,,,,
1611.jpg,,,,,,,,,,,,,,,,
1612.jpg,,,,,,,,,,,,,,,,
1613.jpg,,,,,,,,,,,,,,,,
1614.jpg,,,,,,,,,,,,,,,,
1615.jpg,,,,,,,,,,,,,,,,
1616.jpg,,,,,,,,,,,,,,,,
1617.jpg,,,,,,,,,,,,,,,,
1618.jpg,,,,,,,,,,,,,,,,
1619.jpg,,,,,,,,,,,,,,,,
1620.jpg,,,,,,,,,,,,,,,,
1621.jpg,,,,,,,,,,,,,,,,
1622.jpg,,,,,,,,,,,,,,,,
1623.jpg,,,,,,,,,,,,,,,,
1624.jpg,,,,,,,,,,,,,,,,
1625.jpg,,,,,,,,,,,,,,,,
1626.jpg,,,,,,,,,,,,,,,,
1627.jpg,,,,,,,,,,,,,,,,
1628.jpg,,,,,,,,,,,,,,,,
1629.jpg,,,,,,,,,,,,,,,,
1630.jpg,,,,,,,,,,,,,,,,
1631.jpg,,,,,,,,,,,,,,,,
1632.jpg,,,,,,,,,,,,,,,,
1633.jpg,,,,,,,,,,,,,,,,
1634.jpg,,,,,,,,,,,,,,,,
1635.jpg,,,,,,,,,,,,,,,,
1636.jpg,,,,,,,,,,,,,,,,
1637.jpg,,,,,,,,,,,,,,,,
1638.jpg,,,,,,,,,,,,,,,,
1639.jpg,,,,,,,,,,,,,,,,
1640.jpg,,,,,,,,,,,,,,,,
1641.jpg,,,,,,,,,,,,,,,,
1642.jpg,,,,,,,,,,,,,,,,
1643.jpg,,,,,,,,,,,,,,,,
1644.jpg,,,,,,,,,,,,,,,,
1645.jpg,,,,,,,,,,,,,,,,
1646.jpg,,,,,,,,,,,,,,,,
1647.jpg,,,,,,,,,,,,,,,,
1648.jpg,,,,,,,,,,,,,,,,
1649.jpg,,,,,,,,,,,,,,,,
1650.jpg,,,,,,,,,,,,,,,,
1651.jpg,,,,,,,,,,,,,,,,
1652.jpg,,,,,,,,,,,,,,,,
1653.jpg,,,,,,,,,,,,,,,,
1654.jpg,,,,,,,,,,,,,,,,
1655.jpg,,,,,,,,,,,,,,,,
1656.jpg,,,,,,,,,,,,,,,,
1657.jpg,,,,,,,,,,,,,,,,
1658.jpg,,,,,,,,,,,,,,,,
1659.jpg,,,,,,,,,,,,,,,,
1660.jpg,,,,,,,,,,,,,,,,
1661.jpg,,,,,,,,,,,,,,,,
1662.jpg,,,,,,,,,,,,,,,,
1663.jpg,,,,,,,,,,,,,,,,
1664.jpg,,,,,,,,,,,,,,,,
1665.jpg,,,,,,,,,,,,,,,,
1666.jpg,,,,,,,,,,,,,,,,
1667.jpg,,,,,,,,,,,,,,,,
1668.jpg,,,,,,,,,,,,,,,,
1669.jpg,,,,,,,,,,,,,,,,
1670.jpg,,,,,,,,,,,,,,,,
1671.jpg,,,,,,,,,,,,,,,,
1672.jpg,,,,,,,,,,,,,,,,
1673.jpg,,,,,,,,,,,,,,,,
1674.jpg,,,,,,,,,,,,,,,,
1675.jpg,,,,,,,,,,,,,,,,
1676.jpg,,,,,,,,,,,,,,,,
1677.jpg,,,,,,,,,,,,,,,,
1678.jpg,,,,,,,,,,,,,,,,
1679.jpg,,,,,,,,,,,,,,,,
1680.jpg,,,,,,,,,,,,,,,,
1681.jpg,,,,,,,,,,,,,,,,
1682.jpg,,,,,,,,,,,,,,,,
1683.jpg,,,,,,,,,,,,,,,,
1684.jpg,,,,,,,,,,,,,,,,
1685.jpg,,,,,,,,,,,,,,,,
1686.jpg,,,,,,,,,,,,,,,,
1687.jpg,,,,,,,,,,,,,,,,
1688.jpg,,,,,,,,,,,,,,,,
1689.jpg,,,,,,,,,,,,,,,,
1690.jpg,,,,,,,,,,,,,,,,
1691.jpg,,,,,,,,,,,,,,,,
1692.jpg,,,,,,,,,,,,,,,,
1693.jpg,,,,,,,,,,,,,,,,
1694.jpg,,,,,,,,,,,,,,,,
1695.jpg,,,,,,,,,,,,,,,,
1696.jpg,,,,,,,,,,,,,,,,
1697.jpg,,,,,,,,,,,,,,,,
1698.jpg,,,,,,,,,,,,,,,,
1699.jpg,,,,,,,,,,,,,,,,
1700.jpg,,,,,,,,,,,,,,,,
1701.jpg,,,,,,,,,,,,,,,,
1702.jpg,,,,,,,,,,,,,,,,
1703.jpg,,,,,,,,,,,,,,,,
1704.jpg,,,,,,,,,,,,,,,,
1705.jpg,,,,,,,,,,,,,,,,
1706.jpg,,,,,,,,,,,,,,,,
1707.jpg,,,,,,,,,,,,,,,,
1708.jpg,,,,,,,,,,,,,,,,
1709.jpg,,,,,,,,,,,,,,,,
1710.jpg,,,,,,,,,,,,,,,,
1711.jpg,,,,,,,,,,,,,,,,
1712.jpg,,,,,,,,,,,,,,,,
1713.jpg,,,,,,,,,,,,,,,,
1714.jpg,,,,,,,,,,,,,,,,
1715.jpg,,,,,,,,,,,,,,,,
1716.jpg,,,,,,,,,,,,,,,,
1717.jpg,,,,,,,,,,,,,,,,
1718.jpg,,,,,,,,,,,,,,,,
1719.jpg,,,,,,,,,,,,,,,,
1720.jpg,,,,,,,,,,,,,,,,
1721.jpg,,,,,,,,,,,,,,,,
1722.jpg,,,,,,,,,,,,,,,,
1723.jpg,,,,,,,,,,,,,,,,
1724.jpg,,,,,,,,,,,,,,,,
1725.jpg,,,,,,,,,,,,,,,,
1726.jpg,,,,,,,,,,,,,,,,
1727.jpg,,,,,,,,,,,,,,,,
1728.jpg,,,,,,,,,,,,,,,,
1729.jpg,,,,,,,,,,,,,,,,
1730.jpg,,,,,,,,,,,,,,,,
1731.jpg,,,,,,,,,,,,,,,,
1732.jpg,,,,,,,,,,,,,,,,
1733.jpg,,,,,,,,,,,,,,,,
1734.jpg,,,,,,,,,,,,,,,,
1735.jpg,,,,,,,,,,,,,,,,
1736.jpg,,,,,,,,,,,,,,,,
1737.jpg,,,,,,,,,,,,,,,,
1738.jpg,,,,,,,,,,,,,,,,
1739.jpg,,,,,,,,,,,,,,,,
1740.jpg,,,,,,,,,,,,,,,,
1741.jpg,,,,,,,,,,,,,,,,
1742.jpg,,,,,,,,,,,,,,,,
1743.jpg,,,,,,,,,,,,,,,,
1744.jpg,,,,,,,,,,,,,,,,
1745.jpg,,,,,,,,,,,,,,,,
1746.jpg,,,,,,,,,,,,,,,,
1747.jpg,,,,,,,,,,,,,,,,
1748.jpg,,,,,,,,,,,,,,,,
1749.jpg,,,,,,,,,,,,,,,,
1750.jpg,,,,,,,,,,,,,,,,
1751.jpg,,,,,,,,,,,,,,,,
1752.jpg,,,,,,,,,,,,,,,,
1753.jpg,,,,,,,,,,,,,,,,
1754.jpg,,,,,,,,,,,,,,,,
1755.jpg,,,,,,,,,,,,,,,,
1756.jpg,,,,,,,,,,,,,,,,
1757.jpg,,,,,,,,,,,,,,,,
1758.jpg,,,,,,,,,,,,,,,,
1759.jpg,,,,,,,,,,,,,,,,
1760.jpg,,,,,,,,,,,,,,,,
1761.jpg,,,,,,,,,,,,,,,,
1762.jpg,,,,,,,,,,,,,,,,
1763.jpg,,,,,,,,,,,,,,,,
1764.jpg,,,,,,,,,,,,,,,,
1765.jpg,,,,,,,,,,,,,,,,
1766.jpg,,,,,,,,,,,,,,,,
1767.jpg,,,,,,,,,,,,,,,,
1768.jpg,,,,,,,,,,,,,,,,
1769.jpg,,,,,,,,,,,,,,,,
1770.jpg,,,,,,,,,,,,,,,,
1771.jpg,,,,,,,,,,,,,,,,
1772.jpg,,,,,,,,,,,,,,,,
1773.jpg,,,,,,,,,,,,,,,,
1774.jpg,,,,,,,,,,,,,,,,
1775.jpg,,,,,,,,,,,,,,,,
1776.jpg,,,,,,,,,,,,,,,,
1777.jpg,,,,,,,,,,,,,,,,
1778.jpg,,,,,,,,,,,,,,,,
1779.jpg,,,,,,,,,,,,,,,,
1780.jpg,,,,,,,,,,,,,,,,
1781.jpg,,,,,,,,,,,,,,,,
1782.jpg,,,,,,,,,,,,,,,,
1783.jpg,,,,,,,,,,,,,,,,
1784.jpg,,,,,,,,,,,,,,,,
1785.jpg,,,,,,,,,,,,,,,,
1786.jpg,,,,,,,,,,,,,,,,
1787.jpg,,,,,,,,,,,,,,,,
1788.jpg,,,,,,,,,,,,,,,,
1789.jpg,,,,,,,,,,,,,,,,
1790.jpg,,,,,,,,,,,,,,,,
1791.jpg,,,,,,,,,,,,,,,,
1792.jpg,,,,,,,,,,,,,,,,
1793.jpg,,,,,,,,,,,,,,,,
1794.jpg,,,,,,,,,,,,,,,,
1795.jpg,,,,,,,,,,,,,,,,
1796.jpg,,,,,,,,,,,,,,,,
1797.jpg,,,,,,,,,,,,,,,,
1798.jpg,,,,,,,,,,,,,,,,
1799.jpg,,,,,,,,,,,,,,,,
1800.jpg,,,,,,,,,,,,,,,,
1801.jpg,,,,,,,,,,,,,,,,
1802.jpg,,,,,,,,,,,,,,,,
1803.jpg,,,,,,,,,,,,,,,,
1804.jpg,,,,,,,,,,,,,,,,
1805.jpg,,,,,,,,,,,,,,,,
1806.jpg,,,,,,,,,,,,,,,,
1807.jpg,,,,,,,,,,,,,,,,
1808.jpg,,,,,,,,,,,,,,,,
1809.jpg,,,,,,,,,,,,,,,,
1810.jpg,,,,,,,,,,,,,,,,
1811.jpg,,,,,,,,,,,,,,,,
1812.jpg,,,,,,,,,,,,,,,,
1813.jpg,,,,,,,,,,,,,,,,
1814.jpg,,,,,,,,,,,,,,,,
1815.jpg,,,,,,,,,,,,,,,,
1816.jpg,,,,,,,,,,,,,,,,
1817.jpg,,,,,,,,,,,,,,,,
1818.jpg,,,,,,,,,,,,,,,,
1819.jpg,,,,,,,,,,,,,,,,
1820.jpg,,,,,,,,,,,,,,,,
1821.jpg,,,,,,,,,,,,,,,,
1822.jpg,,,,,,,,,,,,,,,,
1823.jpg,,,,,,,,,,,,,,,,
1824.jpg,,,,,,,,,,,,,,,,
1825.jpg,,,,,,,,,,,,,,,,
1826.jpg,,,,,,,,,,,,,,,,
1827.jpg,,,,,,,,,,,,,,,,
1828.jpg,,,,,,,,,,,,,,,,
1829.jpg,,,,,,,,,,,,,,,,
1830.jpg,,,,,,,,,,,,,,,,
1831.jpg,,,,,,,,,,,,,,,,
1832.jpg,,,,,,,,,,,,,,,,
1833.jpg,,,,,,,,,,,,,,,,
1834.jpg,,,,,,,,,,,,,,,,
1835.jpg,,,,,,,,,,,,,,,,
1836.jpg,,,,,,,,,,,,,,,,
1837.jpg,,,,,,,,,,,,,,,,
1838.jpg,,,,,,,,,,,,,,,,
1839.jpg,,,,,,,,,,,,,,,,
1840.jpg,,,,,,,,,,,,,,,,
1841.jpg,,,,,,,,,,,,,,,,
1842.jpg,,,,,,,,,,,,,,,,
1843.jpg,,,,,,,,,,,,,,,,
1844.jpg,,,,,,,,,,,,,,,,
1845.jpg,,,,,,,,,,,,,,,,
1846.jpg,,,,,,,,,,,,,,,,
1847.jpg,,,,,,,,,,,,,,,,
1848.jpg,,,,,,,,,,,,,,,,
1849.jpg,,,,,,,,,,,,,,,,
1850.jpg,,,,,,,,,,,,,,,,
1851.jpg,,,,,,,,,,,,,,,,
1852.jpg,,,,,,,,,,,,,,,,
1853.jpg,,,,,,,,,,,,,,,,
1854.jpg,,,,,,,,,,,,,,,,
1855.jpg,,,,,,,,,,,,,,,,
1856.jpg,,,,,,,,,,,,,,,,
1857.jpg,,,,,,,,,,,,,,,,
1858.jpg,,,,,,,,,,,,,,,,
1859.jpg,,,,,,,,,,,,,,,,
1860.jpg,,,,,,,,,,,,,,,,
1861.jpg,,,,,,,,,,,,,,,,
1862.jpg,,,,,,,,,,,,,,,,
1863.jpg,,,,,,,,,,,,,,,,
1864.jpg,,,,,,,,,,,,,,,,
1865.jpg,,,,,,,,,,,,,,,,
1866.jpg,,,,,,,,,,,,,,,,
1867.jpg,,,,,,,,,,,,,,,,
1868.jpg,,,,,,,,,,,,,,,,
1869.jpg,,,,,,,,,,,,,,,,
1870.jpg,,,,,,,,,,,,,,,,
1871.jpg,,,,,,,,,,,,,,,,
1872.jpg,,,,,,,,,,,,,,,,
1873.jpg,,,,,,,,,,,,,,,,
1874.jpg,,,,,,,,,,,,,,,,
1875.jpg,,,,,,,,,,,,,,,,
1876.jpg,,,,,,,,,,,,,,,,
1877.jpg,,,,,,,,,,,,,,,,
1878.jpg,,,,,,,,,,,,,,,,
1879.jpg,,,,,,,,,,,,,,,,
1880.jpg,,,,,,,,,,,,,,,,
1881.jpg,,,,,,,,,,,,,,,,
1882.jpg,,,,,,,,,,,,,,,,
1883.jpg,,,,,,,,,,,,,,,,
1884.jpg,,,,,,,,,,,,,,,,
1885.jpg,,,,,,,,,,,,,,,,
1886.jpg,,,,,,,,,,,,,,,,
1887.jpg,,,,,,,,,,,,,,,,
1888.jpg,,,,,,,,,,,,,,,,
1889.jpg,,,,,,,,,,,,,,,,
1890.jpg,,,,,,,,,,,,,,,,
1891.jpg,,,,,,,,,,,,,,,,
1892.jpg,,,,,,,,,,,,,,,,
1893.jpg,,,,,,,,,,,,,,,,
1894.jpg,,,,,,,,,,,,,,,,
1895.jpg,,,,,,,,,,,,,,,,
1896.jpg,,,,,,,,,,,,,,,,
1897.jpg,,,,,,,,,,,,,,,,
1898.jpg,,,,,,,,,,,,,,,,
1899.jpg,,,,,,,,,,,,,,,,
1900.jpg,,,,,,,,,,,,,,,,
1901.jpg,,,,,,,,,,,,,,,,
1902.jpg,,,,,,,,,,,,,,,,
1903.jpg,,,,,,,,,,,,,,,,
1904.jpg,,,,,,,,,,,,,,,,
1905.jpg,,,,,,,,,,,,,,,,
1906.jpg,,,,,,,,,,,,,,,,
1907.jpg,,,,,,,,,,,,,,,,
1908.jpg,,,,,,,,,,,,,,,,
1909.jpg,,,,,,,,,,,,,,,,
1910.jpg,,,,,,,,,,,,,,,,
1911.jpg,,,,,,,,,,,,,,,,
1912.jpg,,,,,,,,,,,,,,,,
1913.jpg,,,,,,,,,,,,,,,,
1914.jpg,,,,,,,,,,,,,,,,
1915.jpg,,,,,,,,,,,,,,,,
1916.jpg,,,,,,,,,,,,,,,,
1917.jpg,,,,,,,,,,,,,,,,
1918.jpg,,,,,,,,,,,,,,,,
1919.jpg,,,,,,,,,,,,,,,,
1920.jpg,,,,,,,,,,,,,,,,
1921.jpg,,,,,,,,,,,,,,,,
1922.jpg,,,,,,,,,,,,,,,,
1923.jpg,,,,,,,,,,,,,,,,
1924.jpg,,,,,,,,,,,,,,,,
1925.jpg,,,,,,,,,,,,,,,,
1926.jpg,,,,,,,,,,,,,,,,
1927.jpg,,,,,,,,,,,,,,,,
1928.jpg,,,,,,,,,,,,,,,,
1929.jpg,,,,,,,,,,,,,,,,
1930.jpg,,,,,,,,,,,,,,,,
1931.jpg,,,,,,,,,,,,,,,,
1932.jpg,,,,,,,,,,,,,,,,
1933.jpg,,,,,,,,,,,,,,,,
1934.jpg,,,,,,,,,,,,,,,,
1935.jpg,,,,,,,,,,,,,,,,
1936.jpg,,,,,,,,,,,,,,,,
1937.jpg,,,,,,,,,,,,,,,,
1938.jpg,,,,,,,,,,,,,,,,
1939.jpg,,,,,,,,,,,,,,,,
1940.jpg,,,,,,,,,,,,,,,,
1941.jpg,,,,,,,,,,,,,,,,
1942.jpg,,,,,,,,,,,,,,,,
1943.jpg,,,,,,,,,,,,,,,,
1944.jpg,,,,,,,,,,,,,,,,
1945.jpg,,,,,,,,,,,,,,,,
1946.jpg,,,,,,,,,,,,,,,,
1947.jpg,,,,,,,,,,,,,,,,
1948.jpg,,,,,,,,,,,,,,,,
1949.jpg,,,,,,,,,,,,,,,,
1950.jpg,,,,,,,,,,,,,,,,
1951.jpg,,,,,,,,,,,,,,,,
1952.jpg,,,,,,,,,,,,,,,,
1953.jpg,,,,,,,,,,,,,,,,
1954.jpg,,,,,,,,,,,,,,,,
1955.jpg,,,,,,,,,,,,,,,,
1956.jpg,,,,,,,,,,,,,,,,
1957.jpg,,,,,,,,,,,,,,,,
1958.jpg,,,,,,,,,,,,,,,,
1959.jpg,,,,,,,,,,,,,,,,
1960.jpg,,,,,,,,,,,,,,,,
1961.jpg,,,,,,,,,,,,,,,,
1962.jpg,,,,,,,,,,,,,,,,
1963.jpg,,,,,,,,,,,,,,,,
1964.jpg,,,,,,,,,,,,,,,,
1965.jpg,,,,,,,,,,,,,,,,
1966.jpg,,,,,,,,,,,,,,,,
1967.jpg,,,,,,,,,,,,,,,,
1968.jpg,,,,,,,,,,,,,,,,
1969.jpg,,,,,,,,,,,,,,,,
1970.jpg,,,,,,,,,,,,,,,,
1971.jpg,,,,,,,,,,,,,,,,
1972.jpg,,,,,,,,,,,,,,,,
1973.jpg,,,,,,,,,,,,,,,,
1974.jpg,,,,,,,,,,,,,,,,
1975.jpg,,,,,,,,,,,,,,,,
1976.jpg,,,,,,,,,,,,,,,,
1977.jpg,,,,,,,,,,,,,,,,
1978.jpg,,,,,,,,,,,,,,,,
1979.jpg,,,,,,,,,,,,,,,,
1980.jpg,,,,,,,,,,,,,,,,
1981.jpg,,,,,,,,,,,,,,,,
1982.jpg,,,,,,,,,,,,,,,,
1983.jpg,,,,,,,,,,,,,,,,
1984.jpg,,,,,,,,,,,,,,,,
1985.jpg,,,,,,,,,,,,,,,,
1986.jpg,,,,,,,,,,,,,,,,
1987.jpg,,,,,,,,,,,,,,,,
1988.jpg,,,,,,,,,,,,,,,,
1989.jpg,,,,,,,,,,,,,,,,
1990.jpg,,,,,,,,,,,,,,,,
1991.jpg,,,,,,,,,,,,,,,,
1992.jpg,,,,,,,,,,,,,,,,
1993.jpg,,,,,,,,,,,,,,,,
1994.jpg,,,,,,,,,,,,,,,,
1995.jpg,,,,,,,,,,,,,,,,
1996.jpg,,,,,,,,,,,,,,,,
1997.jpg,,,,,,,,,,,,,,,,
1998.jpg,,,,,,,,,,,,,,,,
1999.jpg,,,,,,,,,,,,,,,,
2000.jpg,,,,,,,,,,,,,,,,
2001.jpg,,,,,,,,,,,,,,,,
2002.jpg,,,,,,,,,,,,,,,,
2003.jpg,,,,,,,,,,,,,,,,
2004.jpg,,,,,,,,,,,,,,,,
2005.jpg,,,,,,,,,,,,,,,,
2006.jpg,,,,,,,,,,,,,,,,
2007.jpg,,,,,,,,,,,,,,,,
2008.jpg,,,,,,,,,,,,,,,,
2009.jpg,,,,,,,,,,,,,,,,
2010.jpg,,,,,,,,,,,,,,,,
2011.jpg,,,,,,,,,,,,,,,,
2012.jpg,,,,,,,,,,,,,,,,
2013.jpg,,,,,,,,,,,,,,,,
2014.jpg,,,,,,,,,,,,,,,,
2015.jpg,,,,,,,,,,,,,,,,
2016.jpg,,,,,,,,,,,,,,,,
2017.jpg,,,,,,,,,,,,,,,,
2018.jpg,,,,,,,,,,,,,,,,
2019.jpg,,,,,,,,,,,,,,,,
2020.jpg,,,,,,,,,,,,,,,,
2021.jpg,,,,,,,,,,,,,,,,
2022.jpg,,,,,,,,,,,,,,,,
2023.jpg,,,,,,,,,,,,,,,,
2024.jpg,,,,,,,,,,,,,,,,
2025.jpg,,,,,,,,,,,,,,,,
2026.jpg,,,,,,,,,,,,,,,,
2027.jpg,,,,,,,,,,,,,,,,
2028.jpg,,,,,,,,,,,,,,,,
2029.jpg,,,,,,,,,,,,,,,,
2030.jpg,,,,,,,,,,,,,,,,
2031.jpg,,,,,,,,,,,,,,,,
2032.jpg,,,,,,,,,,,,,,,,
2033.jpg,,,,,,,,,,,,,,,,
2034.jpg,,,,,,,,,,,,,,,,
2035.jpg,,,,,,,,,,,,,,,,
2036.jpg,,,,,,,,,,,,,,,,
2037.jpg,,,,,,,,,,,,,,,,
2038.jpg,,,,,,,,,,,,,,,,
2039.jpg,,,,,,,,,,,,,,,,
2040.jpg,,,,,,,,,,,,,,,,
2041.jpg,,,,,,,,,,,,,,,,
2042.jpg,,,,,,,,,,,,,,,,
2043.jpg,,,,,,,,,,,,,,,,
2044.jpg,,,,,,,,,,,,,,,,
2045.jpg,,,,,,,,,,,,,,,,
2046.jpg,,,,,,,,,,,,,,,,
2047.jpg,,,,,,,,,,,,,,,,
2048.jpg,,,,,,,,,,,,,,,,
2049.jpg,,,,,,,,,,,,,,,,
2050.jpg,,,,,,,,,,,,,,,,
2051.jpg,,,,,,,,,,,,,,,,
2052.jpg,,,,,,,,,,,,,,,,
2053.jpg,,,,,,,,,,,,,,,,
2054.jpg,,,,,,,,,,,,,,,,
2055.jpg,,,,,,,,,,,,,,,,
2056.jpg,,,,,,,,,,,,,,,,
2057.jpg,,,,,,,,,,,,,,,,
2058.jpg,,,,,,,,,,,,,,,,
2059.jpg,,,,,,,,,,,,,,,,
2060.jpg,,,,,,,,,,,,,,,,
2061.jpg,,,,,,,,,,,,,,,,
2062.jpg,,,,,,,,,,,,,,,,
2063.jpg,,,,,,,,,,,,,,,,
2064.jpg,,,,,,,,,,,,,,,,
2065.jpg,,,,,,,,,,,,,,,,
2066.jpg,,,,,,,,,,,,,,,,
2067.jpg,,,,,,,,,,,,,,,,
2068.jpg,,,,,,,,,,,,,,,,
2069.jpg,,,,,,,,,,,,,,,,
2070.jpg,,,,,,,,,,,,,,,,
2071.jpg,,,,,,,,,,,,,,,,
2072.jpg,,,,,,,,,,,,,,,,
2073.jpg,,,,,,,,,,,,,,,,
2074.jpg,,,,,,,,,,,,,,,,
2075.jpg,,,,,,,,,,,,,,,,
2076.jpeg,,,,,,,,,,,,,,,,
2077.jpeg,,,,,,,,,,,,,,,,
2078.jpg,,,,,,,,,,,,,,,,
2079.jpg,,,,,,,,,,,,,,,,
2080.jpg,,,,,,,,,,,,,,,,
2081.jpg,,,,,,,,,,,,,,,,
2082.jpg,,,,,,,,,,,,,,,,
2083.jpg,,,,,,,,,,,,,,,,
2084.jpg,,,,,,,,,,,,,,,,
2085.jpg,,,,,,,,,,,,,,,,
2086.jpg,,,,,,,,,,,,,,,,
2087.jpg,,,,,,,,,,,,,,,,
2088.jpg,,,,,,,,,,,,,,,,
2089.jpg,,,,,,,,,,,,,,,,
2090.jpg,,,,,,,,,,,,,,,,
2091.jpg,,,,,,,,,,,,,,,,
2092.jpeg,,,,,,,,,,,,,,,,
2093.jpg,,,,,,,,,,,,,,,,
2094.jpg,,,,,,,,,,,,,,,,
2095.jpg,,,,,,,,,,,,,,,,
2096.jpg,,,,,,,,,,,,,,,,
2097.jpg,,,,,,,,,,,,,,,,
2098.jpg,,,,,,,,,,,,,,,,
2099.jpg,,,,,,,,,,,,,,,,
2100.jpg,,,,,,,,,,,,,,,,
2101.jpg,,,,,,,,,,,,,,,,
2102.jpg,,,,,,,,,,,,,,,,
2103.jpeg,,,,,,,,,,,,,,,,
2104.jpg,,,,,,,,,,,,,,,,
2105.jpg,,,,,,,,,,,,,,,,
2106.jpg,,,,,,,,,,,,,,,,
2107.jpeg,,,,,,,,,,,,,,,,
2108.jpg,,,,,,,,,,,,,,,,
2109.jpg,,,,,,,,,,,,,,,,
2110.jpg,,,,,,,,,,,,,,,,
2111.jpg,,,,,,,,,,,,,,,,
2112.jpg,,,,,,,,,,,,,,,,
2113.jpg,,,,,,,,,,,,,,,,
2114.jpg,,,,,,,,,,,,,,,,
2115.jpg,,,,,,,,,,,,,,,,
2116.jpg,,,,,,,,,,,,,,,,
2117.jpg,,,,,,,,,,,,,,,,
2118.jpg,,,,,,,,,,,,,,,,
2119.jpg,,,,,,,,,,,,,,,,
2120.jpg,,,,,,,,,,,,,,,,
2121.jpg,,,,,,,,,,,,,,,,
2122.jpeg,,,,,,,,,,,,,,,,
2123.jpg,,,,,,,,,,,,,,,,
2124.jpg,,,,,,,,,,,,,,,,
2125.jpg,,,,,,,,,,,,,,,,
2126.jpg,,,,,,,,,,,,,,,,
2127.jpg,,,,,,,,,,,,,,,,
2128.jpg,,,,,,,,,,,,,,,,
2129.jpg,,,,,,,,,,,,,,,,
2130.jpg,,,,,,,,,,,,,,,,
2131.jpg,,,,,,,,,,,,,,,,
2132.jpg,,,,,,,,,,,,,,,,
2133.jpg,,,,,,,,,,,,,,,,
2134.jpg,,,,,,,,,,,,,,,,
2135.jpg,,,,,,,,,,,,,,,,
2136.jpg,,,,,,,,,,,,,,,,
2137.jpg,,,,,,,,,,,,,,,,
2138.jpg,,,,,,,,,,,,,,,,
2139.jpg,,,,,,,,,,,,,,,,
2140.jpeg,,,,,,,,,,,,,,,,
2141.jpg,,,,,,,,,,,,,,,,
2142.jpg,,,,,,,,,,,,,,,,
2143.jpeg,,,,,,,,,,,,,,,,
2144.jpeg,,,,,,,,,,,,,,,,
2145.jpg,,,,,,,,,,,,,,,,
2146.jpg,,,,,,,,,,,,,,,,
2147.jpg,,,,,,,,,,,,,,,,
2148.jpg,,,,,,,,,,,,,,,,
2149.jpg,,,,,,,,,,,,,,,,
2150.jpeg,,,,,,,,,,,,,,,,
2151.jpeg,,,,,,,,,,,,,,,,
2152.jpeg,,,,,,,,,,,,,,,,
2153.jpeg,,,,,,,,,,,,,,,,
2154.jpeg,,,,,,,,,,,,,,,,
2155.jpeg,,,,,,,,,,,,,,,,
2156.jpeg,,,,,,,,,,,,,,,,
2157.jpg,,,,,,,,,,,,,,,,
2158.jpeg,,,,,,,,,,,,,,,,
2159.jpeg,,,,,,,,,,,,,,,,
2160.jpg,,,,,,,,,,,,,,,,
2161.jpeg,,,,,,,,,,,,,,,,
2162.jpg,,,,,,,,,,,,,,,,
2163.jpeg,,,,,,,,,,,,,,,,
2164.jpeg,,,,,,,,,,,,,,,,
2165.jpg,,,,,,,,,,,,,,,,
2166.jpg,,,,,,,,,,,,,,,,
2167.jpg,,,,,,,,,,,,,,,,
2168.jpg,,,,,,,,,,,,,,,,
2169.jpg,,,,,,,,,,,,,,,,
2170.jpg,,,,,,,,,,,,,,,,
2171.jpg,,,,,,,,,,,,,,,,
2172.jpeg,,,,,,,,,,,,,,,,
2173.jpeg,,,,,,,,,,,,,,,,
2174.jpeg,,,,,,,,,,,,,,,,
2175.jpeg,,,,,,,,,,,,,,,,
2176.jpeg,,,,,,,,,,,,,,,,
2177.jpeg,,,,,,,,,,,,,,,,
2178.jpeg,,,,,,,,,,,,,,,,
2179.jpeg,,,,,,,,,,,,,,,,
2180.jpg,,,,,,,,,,,,,,,,
2181.jpeg,,,,,,,,,,,,,,,,
2182.jpeg,,,,,,,,,,,,,,,,
2183.jpeg,,,,,,,,,,,,,,,,
2184.jpeg,,,,,,,,,,,,,,,,
2185.jpeg,,,,,,,,,,,,,,,,
2186.jpeg,,,,,,,,,,,,,,,,
2187.jpg,,,,,,,,,,,,,,,,
2188.jpeg,,,,,,,,,,,,,,,,
2189.jpg,,,,,,,,,,,,,,,,
2190.jpeg,,,,,,,,,,,,,,,,
2191.jpeg,,,,,,,,,,,,,,,,
2192.jpg,,,,,,,,,,,,,,,,
2193.jpg,,,,,,,,,,,,,,,,
2194.jpeg,,,,,,,,,,,,,,,,
2195.jpeg,,,,,,,,,,,,,,,,
2196.jpg,,,,,,,,,,,,,,,,
2197.jpg,,,,,,,,,,,,,,,,
2198.jpeg,,,,,,,,,,,,,,,,
2199.jpg,,,,,,,,,,,,,,,,
2200.jpeg,,,,,,,,,,,,,,,,
2201.jpg,,,,,,,,,,,,,,,,
2202.jpg,,,,,,,,,,,,,,,,
2203.jpg,,,,,,,,,,,,,,,,
2204.jpeg,,,,,,,,,,,,,,,,
2205.jpeg,,,,,,,,,,,,,,,,
2206.jpg,,,,,,,,,,,,,,,,
2207.jpg,,,,,,,,,,,,,,,,
2208.jpeg,,,,,,,,,,,,,,,,
2209.jpg,,,,,,,,,,,,,,,,
2210.jpg,,,,,,,,,,,,,,,,
2211.jpg,,,,,,,,,,,,,,,,
2212.jpg,,,,,,,,,,,,,,,,
2213.jpg,,,,,,,,,,,,,,,,
2214.jpg,,,,,,,,,,,,,,,,
2215.jpg,,,,,,,,,,,,,,,,
2216.jpg,,,,,,,,,,,,,,,,
2217.jpg,,,,,,,,,,,,,,,,
2218.jpeg,,,,,,,,,,,,,,,,
2219.jpg,,,,,,,,,,,,,,,,
2220.jpg,,,,,,,,,,,,,,,,
2221.jpeg,,,,,,,,,,,,,,,,
2222.jpg,,,,,,,,,,,,,,,,
2223.jpeg,,,,,,,,,,,,,,,,
2224.jpg,,,,,,,,,,,,,,,,
2225.jpg,,,,,,,,,,,,,,,,
2226.jpg,,,,,,,,,,,,,,,,
2227.jpg,,,,,,,,,,,,,,,,
2228.jpg,,,,,,,,,,,,,,,,
2229.jpg,,,,,,,,,,,,,,,,
2230.jpg,,,,,,,,,,,,,,,,
2231.jpg,,,,,,,,,,,,,,,,
2232.jpg,,,,,,,,,,,,,,,,
2233.jpeg,,,,,,,,,,,,,,,,
2234.jpg,,,,,,,,,,,,,,,,
2235.jpg,,,,,,,,,,,,,,,,
2236.jpg,,,,,,,,,,,,,,,,
2237.jpg,,,,,,,,,,,,,,,,
2238.jpg,,,,,,,,,,,,,,,,
2239.jpeg,,,,,,,,,,,,,,,,
2240.jpg,,,,,,,,,,,,,,,,
2241.jpg,,,,,,,,,,,,,,,,
2242.jpg,,,,,,,,,,,,,,,,
2243.jpg,,,,,,,,,,,,,,,,
2244.jpg,,,,,,,,,,,,,,,,
2245.jpg,,,,,,,,,,,,,,,,
2246.jpg,,,,,,,,,,,,,,,,
2247.jpg,,,,,,,,,,,,,,,,
2248.jpg,,,,,,,,,,,,,,,,
2249.jpg,,,,,,,,,,,,,,,,
2250.jpg,,,,,,,,,,,,,,,,
2251.jpg,,,,,,,,,,,,,,,,
2252.jpg,,,,,,,,,,,,,,,,
2253.jpg,,,,,,,,,,,,,,,,
2254.jpg,,,,,,,,,,,,,,,,
2255.jpg,,,,,,,,,,,,,,,,
2256.jpg,,,,,,,,,,,,,,,,
2257.jpg,,,,,,,,,,,,,,,,
2258.jpg,,,,,,,,,,,,,,,,
2259.jpg,,,,,,,,,,,,,,,,
2260.jpg,,,,,,,,,,,,,,,,
2261.jpg,,,,,,,,,,,,,,,,
2262.jpg,,,,,,,,,,,,,,,,
2263.jpg,,,,,,,,,,,,,,,,
2264.jpg,,,,,,,,,,,,,,,,
2265.jpg,,,,,,,,,,,,,,,,
2266.jpg,,,,,,,,,,,,,,,,
2267.jpg,,,,,,,,,,,,,,,,
2268.jpg,,,,,,,,,,,,,,,,
2269.jpg,,,,,,,,,,,,,,,,
2270.jpg,,,,,,,,,,,,,,,,
2271.jpg,,,,,,,,,,,,,,,,
2272.jpg,,,,,,,,,,,,,,,,
2273.jpg,,,,,,,,,,,,,,,,
2274.jpg,,,,,,,,,,,,,,,,
2275.jpg,,,,,,,,,,,,,,,,
2276.jpg,,,,,,,,,,,,,,,,
2277.jpg,,,,,,,,,,,,,,,,
2278.jpg,,,,,,,,,,,,,,,,
2279.jpg,,,,,,,,,,,,,,,,
2280.jpg,,,,,,,,,,,,,,,,
2281.jpg,,,,,,,,,,,,,,,,
2282.jpg,,,,,,,,,,,,,,,,
2283.jpg,,,,,,,,,,,,,,,,
2284.jpg,,,,,,,,,,,,,,,,
2285.jpg,,,,,,,,,,,,,,,,
2286.jpg,,,,,,,,,,,,,,,,
2287.jpg,,,,,,,,,,,,,,,,
2288.jpg,,,,,,,,,,,,,,,,
2289.jpg,,,,,,,,,,,,,,,,
2290.jpg,,,,,,,,,,,,,,,,
2291.jpg,,,,,,,,,,,,,,,,
2292.jpg,,,,,,,,,,,,,,,,
2293.jpg,,,,,,,,,,,,,,,,
2294.jpg,,,,,,,,,,,,,,,,
2295.jpg,,,,,,,,,,,,,,,,
2296.jpg,,,,,,,,,,,,,,,,
2297.jpg,,,,,,,,,,,,,,,,
2298.jpg,,,,,,,,,,,,,,,,
